"_id","_labels","employeeID","firstName","lastName","orderID","productID","productName","shipName","title","unitPrice","_start","_end","_type","quantity","unitPrice"
"0",":Order","","","","10248","","","Vins et alcools Chevalier","","",,,,,
"1",":Order","","","","10249","","","Toms Spezialitäten","","",,,,,
"2",":Order","","","","10250","","","Hanari Carnes","","",,,,,
"3",":Order","","","","10251","","","Victuailles en stock","","",,,,,
"4",":Order","","","","10252","","","Suprêmes délices","","",,,,,
"5",":Order","","","","10253","","","Hanari Carnes","","",,,,,
"6",":Order","","","","10254","","","Chop-suey Chinese","","",,,,,
"7",":Order","","","","10255","","","Richter Supermarkt","","",,,,,
"8",":Order","","","","10256","","","Wellington Importadora","","",,,,,
"9",":Order","","","","10257","","","HILARION-Abastos","","",,,,,
"10",":Order","","","","10258","","","Ernst Handel","","",,,,,
"11",":Order","","","","10259","","","Centro comercial Moctezuma","","",,,,,
"12",":Order","","","","10260","","","Ottilies Käseladen","","",,,,,
"13",":Order","","","","10261","","","Que Delícia","","",,,,,
"14",":Order","","","","10262","","","Rattlesnake Canyon Grocery","","",,,,,
"15",":Order","","","","10263","","","Ernst Handel","","",,,,,
"16",":Order","","","","10264","","","Folk och fä HB","","",,,,,
"17",":Order","","","","10265","","","Blondel père et fils","","",,,,,
"18",":Order","","","","10266","","","Wartian Herkku","","",,,,,
"19",":Order","","","","10267","","","Frankenversand","","",,,,,
"20",":Order","","","","10268","","","GROSELLA-Restaurante","","",,,,,
"21",":Order","","","","10269","","","White Clover Markets","","",,,,,
"22",":Order","","","","10270","","","Wartian Herkku","","",,,,,
"23",":Order","","","","10271","","","Split Rail Beer & Ale","","",,,,,
"24",":Order","","","","10272","","","Rattlesnake Canyon Grocery","","",,,,,
"25",":Order","","","","10273","","","QUICK-Stop","","",,,,,
"26",":Order","","","","10274","","","Vins et alcools Chevalier","","",,,,,
"27",":Order","","","","10275","","","Magazzini Alimentari Riuniti","","",,,,,
"28",":Order","","","","10276","","","Tortuga Restaurante","","",,,,,
"29",":Order","","","","10277","","","Morgenstern Gesundkost","","",,,,,
"30",":Order","","","","10278","","","Berglunds snabbköp","","",,,,,
"31",":Order","","","","10279","","","Lehmanns Marktstand","","",,,,,
"32",":Order","","","","10280","","","Berglunds snabbköp","","",,,,,
"33",":Order","","","","10281","","","Romero y tomillo","","",,,,,
"34",":Order","","","","10282","","","Romero y tomillo","","",,,,,
"35",":Order","","","","10283","","","LILA-Supermercado","","",,,,,
"36",":Order","","","","10284","","","Lehmanns Marktstand","","",,,,,
"37",":Order","","","","10285","","","QUICK-Stop","","",,,,,
"38",":Order","","","","10286","","","QUICK-Stop","","",,,,,
"39",":Order","","","","10287","","","Ricardo Adocicados","","",,,,,
"40",":Order","","","","10288","","","Reggiani Caseifici","","",,,,,
"41",":Order","","","","10289","","","B's Beverages","","",,,,,
"42",":Order","","","","10290","","","Comércio Mineiro","","",,,,,
"43",":Order","","","","10291","","","Que Delícia","","",,,,,
"44",":Order","","","","10292","","","Tradiçao Hipermercados","","",,,,,
"45",":Order","","","","10293","","","Tortuga Restaurante","","",,,,,
"46",":Order","","","","10294","","","Rattlesnake Canyon Grocery","","",,,,,
"47",":Order","","","","10295","","","Vins et alcools Chevalier","","",,,,,
"48",":Order","","","","10296","","","LILA-Supermercado","","",,,,,
"49",":Order","","","","10297","","","Blondel père et fils","","",,,,,
"50",":Order","","","","10298","","","Hungry Owl All-Night Grocers","","",,,,,
"51",":Order","","","","10299","","","Ricardo Adocicados","","",,,,,
"52",":Order","","","","10300","","","Magazzini Alimentari Riuniti","","",,,,,
"53",":Order","","","","10301","","","Die Wandernde Kuh","","",,,,,
"54",":Order","","","","10302","","","Suprêmes délices","","",,,,,
"55",":Order","","","","10303","","","Godos Cocina Típica","","",,,,,
"56",":Order","","","","10304","","","Tortuga Restaurante","","",,,,,
"57",":Order","","","","10305","","","Old World Delicatessen","","",,,,,
"58",":Order","","","","10306","","","Romero y tomillo","","",,,,,
"59",":Order","","","","10307","","","Lonesome Pine Restaurant","","",,,,,
"60",":Order","","","","10308","","","Ana Trujillo Emparedados y helados","","",,,,,
"61",":Order","","","","10309","","","Hungry Owl All-Night Grocers","","",,,,,
"62",":Order","","","","10310","","","The Big Cheese","","",,,,,
"63",":Order","","","","10311","","","Du monde entier","","",,,,,
"64",":Order","","","","10312","","","Die Wandernde Kuh","","",,,,,
"65",":Order","","","","10313","","","QUICK-Stop","","",,,,,
"66",":Order","","","","10314","","","Rattlesnake Canyon Grocery","","",,,,,
"67",":Order","","","","10315","","","Island Trading","","",,,,,
"68",":Order","","","","10316","","","Rattlesnake Canyon Grocery","","",,,,,
"69",":Order","","","","10317","","","Lonesome Pine Restaurant","","",,,,,
"70",":Order","","","","10318","","","Island Trading","","",,,,,
"71",":Order","","","","10319","","","Tortuga Restaurante","","",,,,,
"72",":Order","","","","10320","","","Wartian Herkku","","",,,,,
"73",":Order","","","","10321","","","Island Trading","","",,,,,
"74",":Order","","","","10322","","","Pericles Comidas clásicas","","",,,,,
"75",":Order","","","","10323","","","Königlich Essen","","",,,,,
"76",":Order","","","","10324","","","Save-a-lot Markets","","",,,,,
"77",":Order","","","","10325","","","Königlich Essen","","",,,,,
"78",":Order","","","","10326","","","Bólido Comidas preparadas","","",,,,,
"79",":Order","","","","10327","","","Folk och fä HB","","",,,,,
"80",":Order","","","","10328","","","Furia Bacalhau e Frutos do Mar","","",,,,,
"81",":Order","","","","10329","","","Split Rail Beer & Ale","","",,,,,
"82",":Order","","","","10330","","","LILA-Supermercado","","",,,,,
"83",":Order","","","","10331","","","Bon app'","","",,,,,
"84",":Order","","","","10332","","","Mère Paillarde","","",,,,,
"85",":Order","","","","10333","","","Wartian Herkku","","",,,,,
"86",":Order","","","","10334","","","Victuailles en stock","","",,,,,
"87",":Order","","","","10335","","","Hungry Owl All-Night Grocers","","",,,,,
"88",":Order","","","","10336","","","Princesa Isabel Vinhos","","",,,,,
"89",":Order","","","","10337","","","Frankenversand","","",,,,,
"90",":Order","","","","10338","","","Old World Delicatessen","","",,,,,
"91",":Order","","","","10339","","","Mère Paillarde","","",,,,,
"92",":Order","","","","10340","","","Bon app'","","",,,,,
"93",":Order","","","","10341","","","Simons bistro","","",,,,,
"94",":Order","","","","10342","","","Frankenversand","","",,,,,
"95",":Order","","","","10343","","","Lehmanns Marktstand","","",,,,,
"96",":Order","","","","10344","","","White Clover Markets","","",,,,,
"97",":Order","","","","10345","","","QUICK-Stop","","",,,,,
"98",":Order","","","","10346","","","Rattlesnake Canyon Grocery","","",,,,,
"99",":Order","","","","10347","","","Familia Arquibaldo","","",,,,,
"100",":Order","","","","10348","","","Die Wandernde Kuh","","",,,,,
"101",":Order","","","","10349","","","Split Rail Beer & Ale","","",,,,,
"102",":Order","","","","10350","","","La maison d'Asie","","",,,,,
"103",":Order","","","","10351","","","Ernst Handel","","",,,,,
"104",":Order","","","","10352","","","Furia Bacalhau e Frutos do Mar","","",,,,,
"105",":Order","","","","10353","","","Piccolo und mehr","","",,,,,
"106",":Order","","","","10354","","","Pericles Comidas clásicas","","",,,,,
"107",":Order","","","","10355","","","Around the Horn","","",,,,,
"108",":Order","","","","10356","","","Die Wandernde Kuh","","",,,,,
"109",":Order","","","","10357","","","LILA-Supermercado","","",,,,,
"110",":Order","","","","10358","","","La maison d'Asie","","",,,,,
"111",":Order","","","","10359","","","Seven Seas Imports","","",,,,,
"112",":Order","","","","10360","","","Blondel père et fils","","",,,,,
"113",":Order","","","","10361","","","QUICK-Stop","","",,,,,
"114",":Order","","","","10362","","","Bon app'","","",,,,,
"115",":Order","","","","10363","","","Drachenblut Delikatessen","","",,,,,
"116",":Order","","","","10364","","","Eastern Connection","","",,,,,
"117",":Order","","","","10365","","","Antonio Moreno Taquería","","",,,,,
"118",":Order","","","","10366","","","Galería del gastronómo","","",,,,,
"119",":Order","","","","10367","","","Vaffeljernet","","",,,,,
"120",":Order","","","","10368","","","Ernst Handel","","",,,,,
"121",":Order","","","","10369","","","Split Rail Beer & Ale","","",,,,,
"122",":Order","","","","10370","","","Chop-suey Chinese","","",,,,,
"123",":Order","","","","10371","","","La maison d'Asie","","",,,,,
"124",":Order","","","","10372","","","Queen Cozinha","","",,,,,
"125",":Order","","","","10373","","","Hungry Owl All-Night Grocers","","",,,,,
"126",":Order","","","","10374","","","Wolski Zajazd","","",,,,,
"127",":Order","","","","10375","","","Hungry Coyote Import Store","","",,,,,
"128",":Order","","","","10376","","","Mère Paillarde","","",,,,,
"129",":Order","","","","10377","","","Seven Seas Imports","","",,,,,
"130",":Order","","","","10378","","","Folk och fä HB","","",,,,,
"131",":Order","","","","10379","","","Que Delícia","","",,,,,
"132",":Order","","","","10380","","","Hungry Owl All-Night Grocers","","",,,,,
"133",":Order","","","","10381","","","LILA-Supermercado","","",,,,,
"134",":Order","","","","10382","","","Ernst Handel","","",,,,,
"135",":Order","","","","10383","","","Around the Horn","","",,,,,
"136",":Order","","","","10384","","","Berglunds snabbköp","","",,,,,
"137",":Order","","","","10385","","","Split Rail Beer & Ale","","",,,,,
"138",":Order","","","","10386","","","Familia Arquibaldo","","",,,,,
"139",":Order","","","","10387","","","Santé Gourmet","","",,,,,
"140",":Order","","","","10388","","","Seven Seas Imports","","",,,,,
"141",":Order","","","","10389","","","Bottom-Dollar Markets","","",,,,,
"142",":Order","","","","10390","","","Ernst Handel","","",,,,,
"143",":Order","","","","10391","","","Drachenblut Delikatessen","","",,,,,
"144",":Order","","","","10392","","","Piccolo und mehr","","",,,,,
"145",":Order","","","","10393","","","Save-a-lot Markets","","",,,,,
"146",":Order","","","","10394","","","Hungry Coyote Import Store","","",,,,,
"147",":Order","","","","10395","","","HILARION-Abastos","","",,,,,
"148",":Order","","","","10396","","","Frankenversand","","",,,,,
"149",":Order","","","","10397","","","Princesa Isabel Vinhos","","",,,,,
"150",":Order","","","","10398","","","Save-a-lot Markets","","",,,,,
"151",":Order","","","","10399","","","Vaffeljernet","","",,,,,
"152",":Order","","","","10400","","","Eastern Connection","","",,,,,
"153",":Order","","","","10401","","","Rattlesnake Canyon Grocery","","",,,,,
"154",":Order","","","","10402","","","Ernst Handel","","",,,,,
"155",":Order","","","","10403","","","Ernst Handel","","",,,,,
"156",":Order","","","","10404","","","Magazzini Alimentari Riuniti","","",,,,,
"157",":Order","","","","10405","","","LINO-Delicateses","","",,,,,
"158",":Order","","","","10406","","","Queen Cozinha","","",,,,,
"159",":Order","","","","10407","","","Ottilies Käseladen","","",,,,,
"160",":Order","","","","10408","","","Folies gourmandes","","",,,,,
"161",":Order","","","","10409","","","Océano Atlántico Ltda.","","",,,,,
"162",":Order","","","","10410","","","Bottom-Dollar Markets","","",,,,,
"163",":Order","","","","10411","","","Bottom-Dollar Markets","","",,,,,
"164",":Order","","","","10412","","","Wartian Herkku","","",,,,,
"165",":Order","","","","10413","","","La maison d'Asie","","",,,,,
"166",":Order","","","","10414","","","Familia Arquibaldo","","",,,,,
"167",":Order","","","","10415","","","Hungry Coyote Import Store","","",,,,,
"168",":Order","","","","10416","","","Wartian Herkku","","",,,,,
"169",":Order","","","","10417","","","Simons bistro","","",,,,,
"170",":Order","","","","10418","","","QUICK-Stop","","",,,,,
"171",":Order","","","","10419","","","Richter Supermarkt","","",,,,,
"172",":Order","","","","10420","","","Wellington Importadora","","",,,,,
"173",":Order","","","","10421","","","Que Delícia","","",,,,,
"174",":Order","","","","10422","","","Franchi S.p.A.","","",,,,,
"175",":Order","","","","10423","","","Gourmet Lanchonetes","","",,,,,
"176",":Order","","","","10424","","","Mère Paillarde","","",,,,,
"177",":Order","","","","10425","","","La maison d'Asie","","",,,,,
"178",":Order","","","","10426","","","Galería del gastronómo","","",,,,,
"179",":Order","","","","10427","","","Piccolo und mehr","","",,,,,
"180",":Order","","","","10428","","","Reggiani Caseifici","","",,,,,
"181",":Order","","","","10429","","","Hungry Owl All-Night Grocers","","",,,,,
"182",":Order","","","","10430","","","Ernst Handel","","",,,,,
"183",":Order","","","","10431","","","Bottom-Dollar Markets","","",,,,,
"184",":Order","","","","10432","","","Split Rail Beer & Ale","","",,,,,
"185",":Order","","","","10433","","","Princesa Isabel Vinhos","","",,,,,
"186",":Order","","","","10434","","","Folk och fä HB","","",,,,,
"187",":Order","","","","10435","","","Consolidated Holdings","","",,,,,
"188",":Order","","","","10436","","","Blondel père et fils","","",,,,,
"189",":Order","","","","10437","","","Wartian Herkku","","",,,,,
"190",":Order","","","","10438","","","Toms Spezialitäten","","",,,,,
"191",":Order","","","","10439","","","Mère Paillarde","","",,,,,
"192",":Order","","","","10440","","","Save-a-lot Markets","","",,,,,
"193",":Order","","","","10441","","","Old World Delicatessen","","",,,,,
"194",":Order","","","","10442","","","Ernst Handel","","",,,,,
"195",":Order","","","","10443","","","Reggiani Caseifici","","",,,,,
"196",":Order","","","","10444","","","Berglunds snabbköp","","",,,,,
"197",":Order","","","","10445","","","Berglunds snabbköp","","",,,,,
"198",":Order","","","","10446","","","Toms Spezialitäten","","",,,,,
"199",":Order","","","","10447","","","Ricardo Adocicados","","",,,,,
"200",":Order","","","","10448","","","Rancho grande","","",,,,,
"201",":Order","","","","10449","","","Blondel père et fils","","",,,,,
"202",":Order","","","","10450","","","Victuailles en stock","","",,,,,
"203",":Order","","","","10451","","","QUICK-Stop","","",,,,,
"204",":Order","","","","10452","","","Save-a-lot Markets","","",,,,,
"205",":Order","","","","10453","","","Around the Horn","","",,,,,
"206",":Order","","","","10454","","","La maison d'Asie","","",,,,,
"207",":Order","","","","10455","","","Wartian Herkku","","",,,,,
"208",":Order","","","","10456","","","Königlich Essen","","",,,,,
"209",":Order","","","","10457","","","Königlich Essen","","",,,,,
"210",":Order","","","","10458","","","Suprêmes délices","","",,,,,
"211",":Order","","","","10459","","","Victuailles en stock","","",,,,,
"212",":Order","","","","10460","","","Folk och fä HB","","",,,,,
"213",":Order","","","","10461","","","LILA-Supermercado","","",,,,,
"214",":Order","","","","10462","","","Consolidated Holdings","","",,,,,
"215",":Order","","","","10463","","","Suprêmes délices","","",,,,,
"216",":Order","","","","10464","","","Furia Bacalhau e Frutos do Mar","","",,,,,
"217",":Order","","","","10465","","","Vaffeljernet","","",,,,,
"218",":Order","","","","10466","","","Comércio Mineiro","","",,,,,
"219",":Order","","","","10467","","","Magazzini Alimentari Riuniti","","",,,,,
"220",":Order","","","","10468","","","Königlich Essen","","",,,,,
"221",":Order","","","","10469","","","White Clover Markets","","",,,,,
"222",":Order","","","","10470","","","Bon app'","","",,,,,
"223",":Order","","","","10471","","","B's Beverages","","",,,,,
"224",":Order","","","","10472","","","Seven Seas Imports","","",,,,,
"225",":Order","","","","10473","","","Island Trading","","",,,,,
"226",":Order","","","","10474","","","Pericles Comidas clásicas","","",,,,,
"227",":Order","","","","10475","","","Suprêmes délices","","",,,,,
"228",":Order","","","","10476","","","HILARION-Abastos","","",,,,,
"229",":Order","","","","10477","","","Princesa Isabel Vinhos","","",,,,,
"230",":Order","","","","10478","","","Victuailles en stock","","",,,,,
"231",":Order","","","","10479","","","Rattlesnake Canyon Grocery","","",,,,,
"232",":Order","","","","10480","","","Folies gourmandes","","",,,,,
"233",":Order","","","","10481","","","Ricardo Adocicados","","",,,,,
"234",":Order","","","","10482","","","Lazy K Kountry Store","","",,,,,
"235",":Order","","","","10483","","","White Clover Markets","","",,,,,
"236",":Order","","","","10484","","","B's Beverages","","",,,,,
"237",":Order","","","","10485","","","LINO-Delicateses","","",,,,,
"238",":Order","","","","10486","","","HILARION-Abastos","","",,,,,
"239",":Order","","","","10487","","","Queen Cozinha","","",,,,,
"240",":Order","","","","10488","","","Frankenversand","","",,,,,
"241",":Order","","","","10489","","","Piccolo und mehr","","",,,,,
"242",":Order","","","","10490","","","HILARION-Abastos","","",,,,,
"243",":Order","","","","10491","","","Furia Bacalhau e Frutos do Mar","","",,,,,
"244",":Order","","","","10492","","","Bottom-Dollar Markets","","",,,,,
"245",":Order","","","","10493","","","La maison d'Asie","","",,,,,
"246",":Order","","","","10494","","","Comércio Mineiro","","",,,,,
"247",":Order","","","","10495","","","Laughing Bacchus Wine Cellars","","",,,,,
"248",":Order","","","","10496","","","Tradiçao Hipermercados","","",,,,,
"249",":Order","","","","10497","","","Lehmanns Marktstand","","",,,,,
"250",":Order","","","","10498","","","HILARION-Abastos","","",,,,,
"251",":Order","","","","10499","","","LILA-Supermercado","","",,,,,
"252",":Order","","","","10500","","","La maison d'Asie","","",,,,,
"253",":Order","","","","10501","","","Blauer See Delikatessen","","",,,,,
"254",":Order","","","","10502","","","Pericles Comidas clásicas","","",,,,,
"255",":Order","","","","10503","","","Hungry Owl All-Night Grocers","","",,,,,
"256",":Order","","","","10504","","","White Clover Markets","","",,,,,
"257",":Order","","","","10505","","","Mère Paillarde","","",,,,,
"258",":Order","","","","10506","","","Königlich Essen","","",,,,,
"259",":Order","","","","10507","","","Antonio Moreno Taquería","","",,,,,
"260",":Order","","","","10508","","","Ottilies Käseladen","","",,,,,
"261",":Order","","","","10509","","","Blauer See Delikatessen","","",,,,,
"262",":Order","","","","10510","","","Save-a-lot Markets","","",,,,,
"263",":Order","","","","10511","","","Bon app'","","",,,,,
"264",":Order","","","","10512","","","Familia Arquibaldo","","",,,,,
"265",":Order","","","","10513","","","Die Wandernde Kuh","","",,,,,
"266",":Order","","","","10514","","","Ernst Handel","","",,,,,
"267",":Order","","","","10515","","","QUICK-Stop","","",,,,,
"268",":Order","","","","10516","","","Hungry Owl All-Night Grocers","","",,,,,
"269",":Order","","","","10517","","","North/South","","",,,,,
"270",":Order","","","","10518","","","Tortuga Restaurante","","",,,,,
"271",":Order","","","","10519","","","Chop-suey Chinese","","",,,,,
"272",":Order","","","","10520","","","Santé Gourmet","","",,,,,
"273",":Order","","","","10521","","","Cactus Comidas para llevar","","",,,,,
"274",":Order","","","","10522","","","Lehmanns Marktstand","","",,,,,
"275",":Order","","","","10523","","","Seven Seas Imports","","",,,,,
"276",":Order","","","","10524","","","Berglunds snabbköp","","",,,,,
"277",":Order","","","","10525","","","Bon app'","","",,,,,
"278",":Order","","","","10526","","","Wartian Herkku","","",,,,,
"279",":Order","","","","10527","","","QUICK-Stop","","",,,,,
"280",":Order","","","","10528","","","Great Lakes Food Market","","",,,,,
"281",":Order","","","","10529","","","Maison Dewey","","",,,,,
"282",":Order","","","","10530","","","Piccolo und mehr","","",,,,,
"283",":Order","","","","10531","","","Océano Atlántico Ltda.","","",,,,,
"284",":Order","","","","10532","","","Eastern Connection","","",,,,,
"285",":Order","","","","10533","","","Folk och fä HB","","",,,,,
"286",":Order","","","","10534","","","Lehmanns Marktstand","","",,,,,
"287",":Order","","","","10535","","","Antonio Moreno Taquería","","",,,,,
"288",":Order","","","","10536","","","Lehmanns Marktstand","","",,,,,
"289",":Order","","","","10537","","","Richter Supermarkt","","",,,,,
"290",":Order","","","","10538","","","B's Beverages","","",,,,,
"291",":Order","","","","10539","","","B's Beverages","","",,,,,
"292",":Order","","","","10540","","","QUICK-Stop","","",,,,,
"293",":Order","","","","10541","","","Hanari Carnes","","",,,,,
"294",":Order","","","","10542","","","Königlich Essen","","",,,,,
"295",":Order","","","","10543","","","LILA-Supermercado","","",,,,,
"296",":Order","","","","10544","","","Lonesome Pine Restaurant","","",,,,,
"297",":Order","","","","10545","","","Lazy K Kountry Store","","",,,,,
"298",":Order","","","","10546","","","Victuailles en stock","","",,,,,
"299",":Order","","","","10547","","","Seven Seas Imports","","",,,,,
"300",":Order","","","","10548","","","Toms Spezialitäten","","",,,,,
"301",":Order","","","","10549","","","QUICK-Stop","","",,,,,
"302",":Order","","","","10550","","","Godos Cocina Típica","","",,,,,
"303",":Order","","","","10551","","","Furia Bacalhau e Frutos do Mar","","",,,,,
"304",":Order","","","","10552","","","HILARION-Abastos","","",,,,,
"305",":Order","","","","10553","","","Wartian Herkku","","",,,,,
"306",":Order","","","","10554","","","Ottilies Käseladen","","",,,,,
"307",":Order","","","","10555","","","Save-a-lot Markets","","",,,,,
"308",":Order","","","","10556","","","Simons bistro","","",,,,,
"309",":Order","","","","10557","","","Lehmanns Marktstand","","",,,,,
"310",":Order","","","","10558","","","Around the Horn","","",,,,,
"311",":Order","","","","10559","","","Blondel père et fils","","",,,,,
"312",":Order","","","","10560","","","Frankenversand","","",,,,,
"313",":Order","","","","10561","","","Folk och fä HB","","",,,,,
"314",":Order","","","","10562","","","Reggiani Caseifici","","",,,,,
"315",":Order","","","","10563","","","Ricardo Adocicados","","",,,,,
"316",":Order","","","","10564","","","Rattlesnake Canyon Grocery","","",,,,,
"317",":Order","","","","10565","","","Mère Paillarde","","",,,,,
"318",":Order","","","","10566","","","Blondel père et fils","","",,,,,
"319",":Order","","","","10567","","","Hungry Owl All-Night Grocers","","",,,,,
"320",":Order","","","","10568","","","Galería del gastronómo","","",,,,,
"321",":Order","","","","10569","","","Rattlesnake Canyon Grocery","","",,,,,
"322",":Order","","","","10570","","","Mère Paillarde","","",,,,,
"323",":Order","","","","10571","","","Ernst Handel","","",,,,,
"324",":Order","","","","10572","","","Berglunds snabbköp","","",,,,,
"325",":Order","","","","10573","","","Antonio Moreno Taquería","","",,,,,
"326",":Order","","","","10574","","","Trail's Head Gourmet Provisioners","","",,,,,
"327",":Order","","","","10575","","","Morgenstern Gesundkost","","",,,,,
"328",":Order","","","","10576","","","Tortuga Restaurante","","",,,,,
"329",":Order","","","","10577","","","Trail's Head Gourmet Provisioners","","",,,,,
"330",":Order","","","","10578","","","B's Beverages","","",,,,,
"331",":Order","","","","10579","","","Let's Stop N Shop","","",,,,,
"332",":Order","","","","10580","","","Ottilies Käseladen","","",,,,,
"333",":Order","","","","10581","","","Familia Arquibaldo","","",,,,,
"334",":Order","","","","10582","","","Blauer See Delikatessen","","",,,,,
"335",":Order","","","","10583","","","Wartian Herkku","","",,,,,
"336",":Order","","","","10584","","","Blondel père et fils","","",,,,,
"337",":Order","","","","10585","","","Wellington Importadora","","",,,,,
"338",":Order","","","","10586","","","Reggiani Caseifici","","",,,,,
"339",":Order","","","","10587","","","Que Delícia","","",,,,,
"340",":Order","","","","10588","","","QUICK-Stop","","",,,,,
"341",":Order","","","","10589","","","Great Lakes Food Market","","",,,,,
"342",":Order","","","","10590","","","Mère Paillarde","","",,,,,
"343",":Order","","","","10591","","","Vaffeljernet","","",,,,,
"344",":Order","","","","10592","","","Lehmanns Marktstand","","",,,,,
"345",":Order","","","","10593","","","Lehmanns Marktstand","","",,,,,
"346",":Order","","","","10594","","","Old World Delicatessen","","",,,,,
"347",":Order","","","","10595","","","Ernst Handel","","",,,,,
"348",":Order","","","","10596","","","White Clover Markets","","",,,,,
"349",":Order","","","","10597","","","Piccolo und mehr","","",,,,,
"350",":Order","","","","10598","","","Rattlesnake Canyon Grocery","","",,,,,
"351",":Order","","","","10599","","","B's Beverages","","",,,,,
"352",":Order","","","","10600","","","Hungry Coyote Import Store","","",,,,,
"353",":Order","","","","10601","","","HILARION-Abastos","","",,,,,
"354",":Order","","","","10602","","","Vaffeljernet","","",,,,,
"355",":Order","","","","10603","","","Save-a-lot Markets","","",,,,,
"356",":Order","","","","10604","","","Furia Bacalhau e Frutos do Mar","","",,,,,
"357",":Order","","","","10605","","","Mère Paillarde","","",,,,,
"358",":Order","","","","10606","","","Tradiçao Hipermercados","","",,,,,
"359",":Order","","","","10607","","","Save-a-lot Markets","","",,,,,
"360",":Order","","","","10608","","","Toms Spezialitäten","","",,,,,
"361",":Order","","","","10609","","","Du monde entier","","",,,,,
"362",":Order","","","","10610","","","La maison d'Asie","","",,,,,
"363",":Order","","","","10611","","","Wolski Zajazd","","",,,,,
"364",":Order","","","","10612","","","Save-a-lot Markets","","",,,,,
"365",":Order","","","","10613","","","HILARION-Abastos","","",,,,,
"366",":Order","","","","10614","","","Blauer See Delikatessen","","",,,,,
"367",":Order","","","","10615","","","Wilman Kala","","",,,,,
"368",":Order","","","","10616","","","Great Lakes Food Market","","",,,,,
"369",":Order","","","","10617","","","Great Lakes Food Market","","",,,,,
"370",":Order","","","","10618","","","Mère Paillarde","","",,,,,
"371",":Order","","","","10619","","","Mère Paillarde","","",,,,,
"372",":Order","","","","10620","","","Laughing Bacchus Wine Cellars","","",,,,,
"373",":Order","","","","10621","","","Island Trading","","",,,,,
"374",":Order","","","","10622","","","Ricardo Adocicados","","",,,,,
"375",":Order","","","","10623","","","Frankenversand","","",,,,,
"376",":Order","","","","10624","","","The Cracker Box","","",,,,,
"377",":Order","","","","10625","","","Ana Trujillo Emparedados y helados","","",,,,,
"378",":Order","","","","10626","","","Berglunds snabbköp","","",,,,,
"379",":Order","","","","10627","","","Save-a-lot Markets","","",,,,,
"380",":Order","","","","10628","","","Blondel père et fils","","",,,,,
"381",":Order","","","","10629","","","Godos Cocina Típica","","",,,,,
"382",":Order","","","","10630","","","Königlich Essen","","",,,,,
"383",":Order","","","","10631","","","La maison d'Asie","","",,,,,
"384",":Order","","","","10632","","","Die Wandernde Kuh","","",,,,,
"385",":Order","","","","10633","","","Ernst Handel","","",,,,,
"386",":Order","","","","10634","","","Folies gourmandes","","",,,,,
"387",":Order","","","","10635","","","Magazzini Alimentari Riuniti","","",,,,,
"388",":Order","","","","10636","","","Wartian Herkku","","",,,,,
"389",":Order","","","","10637","","","Queen Cozinha","","",,,,,
"390",":Order","","","","10638","","","LINO-Delicateses","","",,,,,
"391",":Order","","","","10639","","","Santé Gourmet","","",,,,,
"392",":Order","","","","10640","","","Die Wandernde Kuh","","",,,,,
"393",":Order","","","","10641","","","HILARION-Abastos","","",,,,,
"394",":Order","","","","10642","","","Simons bistro","","",,,,,
"395",":Order","","","","10643","","","Alfreds Futterkiste","","",,,,,
"396",":Order","","","","10644","","","Wellington Importadora","","",,,,,
"397",":Order","","","","10645","","","Hanari Carnes","","",,,,,
"398",":Order","","","","10646","","","Hungry Owl All-Night Grocers","","",,,,,
"399",":Order","","","","10647","","","Que Delícia","","",,,,,
"400",":Order","","","","10648","","","Ricardo Adocicados","","",,,,,
"401",":Order","","","","10649","","","Maison Dewey","","",,,,,
"402",":Order","","","","10650","","","Familia Arquibaldo","","",,,,,
"403",":Order","","","","10651","","","Die Wandernde Kuh","","",,,,,
"404",":Order","","","","10652","","","Gourmet Lanchonetes","","",,,,,
"405",":Order","","","","10653","","","Frankenversand","","",,,,,
"406",":Order","","","","10654","","","Berglunds snabbköp","","",,,,,
"407",":Order","","","","10655","","","Reggiani Caseifici","","",,,,,
"408",":Order","","","","10656","","","Great Lakes Food Market","","",,,,,
"409",":Order","","","","10657","","","Save-a-lot Markets","","",,,,,
"410",":Order","","","","10658","","","QUICK-Stop","","",,,,,
"411",":Order","","","","10659","","","Queen Cozinha","","",,,,,
"412",":Order","","","","10660","","","Hungry Coyote Import Store","","",,,,,
"413",":Order","","","","10661","","","Hungry Owl All-Night Grocers","","",,,,,
"414",":Order","","","","10662","","","Lonesome Pine Restaurant","","",,,,,
"415",":Order","","","","10663","","","Bon app'","","",,,,,
"416",":Order","","","","10664","","","Furia Bacalhau e Frutos do Mar","","",,,,,
"417",":Order","","","","10665","","","Lonesome Pine Restaurant","","",,,,,
"418",":Order","","","","10666","","","Richter Supermarkt","","",,,,,
"419",":Order","","","","10667","","","Ernst Handel","","",,,,,
"420",":Order","","","","10668","","","Die Wandernde Kuh","","",,,,,
"421",":Order","","","","10669","","","Simons bistro","","",,,,,
"422",":Order","","","","10670","","","Frankenversand","","",,,,,
"423",":Order","","","","10671","","","France restauration","","",,,,,
"424",":Order","","","","10672","","","Berglunds snabbköp","","",,,,,
"425",":Order","","","","10673","","","Wilman Kala","","",,,,,
"426",":Order","","","","10674","","","Island Trading","","",,,,,
"427",":Order","","","","10675","","","Frankenversand","","",,,,,
"428",":Order","","","","10676","","","Tortuga Restaurante","","",,,,,
"429",":Order","","","","10677","","","Antonio Moreno Taquería","","",,,,,
"430",":Order","","","","10678","","","Save-a-lot Markets","","",,,,,
"431",":Order","","","","10679","","","Blondel père et fils","","",,,,,
"432",":Order","","","","10680","","","Old World Delicatessen","","",,,,,
"433",":Order","","","","10681","","","Great Lakes Food Market","","",,,,,
"434",":Order","","","","10682","","","Antonio Moreno Taquería","","",,,,,
"435",":Order","","","","10683","","","Du monde entier","","",,,,,
"436",":Order","","","","10684","","","Ottilies Käseladen","","",,,,,
"437",":Order","","","","10685","","","Gourmet Lanchonetes","","",,,,,
"438",":Order","","","","10686","","","Piccolo und mehr","","",,,,,
"439",":Order","","","","10687","","","Hungry Owl All-Night Grocers","","",,,,,
"440",":Order","","","","10688","","","Vaffeljernet","","",,,,,
"441",":Order","","","","10689","","","Berglunds snabbköp","","",,,,,
"442",":Order","","","","10690","","","Hanari Carnes","","",,,,,
"443",":Order","","","","10691","","","QUICK-Stop","","",,,,,
"444",":Order","","","","10692","","","Alfred's Futterkiste","","",,,,,
"445",":Order","","","","10693","","","White Clover Markets","","",,,,,
"446",":Order","","","","10694","","","QUICK-Stop","","",,,,,
"447",":Order","","","","10695","","","Wilman Kala","","",,,,,
"448",":Order","","","","10696","","","White Clover Markets","","",,,,,
"449",":Order","","","","10697","","","LINO-Delicateses","","",,,,,
"450",":Order","","","","10698","","","Ernst Handel","","",,,,,
"451",":Order","","","","10699","","","Morgenstern Gesundkost","","",,,,,
"452",":Order","","","","10700","","","Save-a-lot Markets","","",,,,,
"453",":Order","","","","10701","","","Hungry Owl All-Night Grocers","","",,,,,
"454",":Order","","","","10702","","","Alfred's Futterkiste","","",,,,,
"455",":Order","","","","10703","","","Folk och fä HB","","",,,,,
"456",":Order","","","","10704","","","Queen Cozinha","","",,,,,
"457",":Order","","","","10705","","","HILARION-Abastos","","",,,,,
"458",":Order","","","","10706","","","Old World Delicatessen","","",,,,,
"459",":Order","","","","10707","","","Around the Horn","","",,,,,
"460",":Order","","","","10708","","","The Big Cheese","","",,,,,
"461",":Order","","","","10709","","","Gourmet Lanchonetes","","",,,,,
"462",":Order","","","","10710","","","Franchi S.p.A.","","",,,,,
"463",":Order","","","","10711","","","Save-a-lot Markets","","",,,,,
"464",":Order","","","","10712","","","Hungry Owl All-Night Grocers","","",,,,,
"465",":Order","","","","10713","","","Save-a-lot Markets","","",,,,,
"466",":Order","","","","10714","","","Save-a-lot Markets","","",,,,,
"467",":Order","","","","10715","","","Bon app'","","",,,,,
"468",":Order","","","","10716","","","Rancho grande","","",,,,,
"469",":Order","","","","10717","","","Frankenversand","","",,,,,
"470",":Order","","","","10718","","","Königlich Essen","","",,,,,
"471",":Order","","","","10719","","","Let's Stop N Shop","","",,,,,
"472",":Order","","","","10720","","","Que Delícia","","",,,,,
"473",":Order","","","","10721","","","QUICK-Stop","","",,,,,
"474",":Order","","","","10722","","","Save-a-lot Markets","","",,,,,
"475",":Order","","","","10723","","","White Clover Markets","","",,,,,
"476",":Order","","","","10724","","","Mère Paillarde","","",,,,,
"477",":Order","","","","10725","","","Familia Arquibaldo","","",,,,,
"478",":Order","","","","10726","","","Eastern Connection","","",,,,,
"479",":Order","","","","10727","","","Reggiani Caseifici","","",,,,,
"480",":Order","","","","10728","","","Queen Cozinha","","",,,,,
"481",":Order","","","","10729","","","LINO-Delicateses","","",,,,,
"482",":Order","","","","10730","","","Bon app'","","",,,,,
"483",":Order","","","","10731","","","Chop-suey Chinese","","",,,,,
"484",":Order","","","","10732","","","Bon app'","","",,,,,
"485",":Order","","","","10733","","","Berglunds snabbköp","","",,,,,
"486",":Order","","","","10734","","","Gourmet Lanchonetes","","",,,,,
"487",":Order","","","","10735","","","Let's Stop N Shop","","",,,,,
"488",":Order","","","","10736","","","Hungry Owl All-Night Grocers","","",,,,,
"489",":Order","","","","10737","","","Vins et alcools Chevalier","","",,,,,
"490",":Order","","","","10738","","","Spécialités du monde","","",,,,,
"491",":Order","","","","10739","","","Vins et alcools Chevalier","","",,,,,
"492",":Order","","","","10740","","","White Clover Markets","","",,,,,
"493",":Order","","","","10741","","","Around the Horn","","",,,,,
"494",":Order","","","","10742","","","Bottom-Dollar Markets","","",,,,,
"495",":Order","","","","10743","","","Around the Horn","","",,,,,
"496",":Order","","","","10744","","","Vaffeljernet","","",,,,,
"497",":Order","","","","10745","","","QUICK-Stop","","",,,,,
"498",":Order","","","","10746","","","Chop-suey Chinese","","",,,,,
"499",":Order","","","","10747","","","Piccolo und mehr","","",,,,,
"500",":Order","","","","10748","","","Save-a-lot Markets","","",,,,,
"501",":Order","","","","10749","","","Island Trading","","",,,,,
"502",":Order","","","","10750","","","Wartian Herkku","","",,,,,
"503",":Order","","","","10751","","","Richter Supermarkt","","",,,,,
"504",":Order","","","","10752","","","North/South","","",,,,,
"505",":Order","","","","10753","","","Franchi S.p.A.","","",,,,,
"506",":Order","","","","10754","","","Magazzini Alimentari Riuniti","","",,,,,
"507",":Order","","","","10755","","","Bon app'","","",,,,,
"508",":Order","","","","10756","","","Split Rail Beer & Ale","","",,,,,
"509",":Order","","","","10757","","","Save-a-lot Markets","","",,,,,
"510",":Order","","","","10758","","","Richter Supermarkt","","",,,,,
"511",":Order","","","","10759","","","Ana Trujillo Emparedados y helados","","",,,,,
"512",":Order","","","","10760","","","Maison Dewey","","",,,,,
"513",":Order","","","","10761","","","Rattlesnake Canyon Grocery","","",,,,,
"514",":Order","","","","10762","","","Folk och fä HB","","",,,,,
"515",":Order","","","","10763","","","Folies gourmandes","","",,,,,
"516",":Order","","","","10764","","","Ernst Handel","","",,,,,
"517",":Order","","","","10765","","","QUICK-Stop","","",,,,,
"518",":Order","","","","10766","","","Ottilies Käseladen","","",,,,,
"519",":Order","","","","10767","","","Suprêmes délices","","",,,,,
"520",":Order","","","","10768","","","Around the Horn","","",,,,,
"521",":Order","","","","10769","","","Vaffeljernet","","",,,,,
"522",":Order","","","","10770","","","Hanari Carnes","","",,,,,
"523",":Order","","","","10771","","","Ernst Handel","","",,,,,
"524",":Order","","","","10772","","","Lehmanns Marktstand","","",,,,,
"525",":Order","","","","10773","","","Ernst Handel","","",,,,,
"526",":Order","","","","10774","","","Folk och fä HB","","",,,,,
"527",":Order","","","","10775","","","The Cracker Box","","",,,,,
"528",":Order","","","","10776","","","Ernst Handel","","",,,,,
"529",":Order","","","","10777","","","Gourmet Lanchonetes","","",,,,,
"530",":Order","","","","10778","","","Berglunds snabbköp","","",,,,,
"531",":Order","","","","10779","","","Morgenstern Gesundkost","","",,,,,
"532",":Order","","","","10780","","","LILA-Supermercado","","",,,,,
"533",":Order","","","","10781","","","Wartian Herkku","","",,,,,
"534",":Order","","","","10782","","","Cactus Comidas para llevar","","",,,,,
"535",":Order","","","","10783","","","Hanari Carnes","","",,,,,
"536",":Order","","","","10784","","","Magazzini Alimentari Riuniti","","",,,,,
"537",":Order","","","","10785","","","GROSELLA-Restaurante","","",,,,,
"538",":Order","","","","10786","","","Queen Cozinha","","",,,,,
"539",":Order","","","","10787","","","La maison d'Asie","","",,,,,
"540",":Order","","","","10788","","","QUICK-Stop","","",,,,,
"541",":Order","","","","10789","","","Folies gourmandes","","",,,,,
"542",":Order","","","","10790","","","Gourmet Lanchonetes","","",,,,,
"543",":Order","","","","10791","","","Frankenversand","","",,,,,
"544",":Order","","","","10792","","","Wolski Zajazd","","",,,,,
"545",":Order","","","","10793","","","Around the Horn","","",,,,,
"546",":Order","","","","10794","","","Que Delícia","","",,,,,
"547",":Order","","","","10795","","","Ernst Handel","","",,,,,
"548",":Order","","","","10796","","","HILARION-Abastos","","",,,,,
"549",":Order","","","","10797","","","Drachenblut Delikatessen","","",,,,,
"550",":Order","","","","10798","","","Island Trading","","",,,,,
"551",":Order","","","","10799","","","Königlich Essen","","",,,,,
"552",":Order","","","","10800","","","Seven Seas Imports","","",,,,,
"553",":Order","","","","10801","","","Bólido Comidas preparadas","","",,,,,
"554",":Order","","","","10802","","","Simons bistro","","",,,,,
"555",":Order","","","","10803","","","Wellington Importadora","","",,,,,
"556",":Order","","","","10804","","","Seven Seas Imports","","",,,,,
"557",":Order","","","","10805","","","The Big Cheese","","",,,,,
"558",":Order","","","","10806","","","Victuailles en stock","","",,,,,
"559",":Order","","","","10807","","","Franchi S.p.A.","","",,,,,
"560",":Order","","","","10808","","","Old World Delicatessen","","",,,,,
"561",":Order","","","","10809","","","Wellington Importadora","","",,,,,
"562",":Order","","","","10810","","","Laughing Bacchus Wine Cellars","","",,,,,
"563",":Order","","","","10811","","","LINO-Delicateses","","",,,,,
"564",":Order","","","","10812","","","Reggiani Caseifici","","",,,,,
"565",":Order","","","","10813","","","Ricardo Adocicados","","",,,,,
"566",":Order","","","","10814","","","Victuailles en stock","","",,,,,
"567",":Order","","","","10815","","","Save-a-lot Markets","","",,,,,
"568",":Order","","","","10816","","","Great Lakes Food Market","","",,,,,
"569",":Order","","","","10817","","","Königlich Essen","","",,,,,
"570",":Order","","","","10818","","","Magazzini Alimentari Riuniti","","",,,,,
"571",":Order","","","","10819","","","Cactus Comidas para llevar","","",,,,,
"572",":Order","","","","10820","","","Rattlesnake Canyon Grocery","","",,,,,
"573",":Order","","","","10821","","","Split Rail Beer & Ale","","",,,,,
"574",":Order","","","","10822","","","Trail's Head Gourmet Provisioners","","",,,,,
"575",":Order","","","","10823","","","LILA-Supermercado","","",,,,,
"576",":Order","","","","10824","","","Folk och fä HB","","",,,,,
"577",":Order","","","","10825","","","Drachenblut Delikatessen","","",,,,,
"578",":Order","","","","10826","","","Blondel père et fils","","",,,,,
"579",":Order","","","","10827","","","Bon app'","","",,,,,
"580",":Order","","","","10828","","","Rancho grande","","",,,,,
"581",":Order","","","","10829","","","Island Trading","","",,,,,
"582",":Order","","","","10830","","","Tradiçao Hipermercados","","",,,,,
"583",":Order","","","","10831","","","Santé Gourmet","","",,,,,
"584",":Order","","","","10832","","","La maison d'Asie","","",,,,,
"585",":Order","","","","10833","","","Ottilies Käseladen","","",,,,,
"586",":Order","","","","10834","","","Tradiçao Hipermercados","","",,,,,
"587",":Order","","","","10835","","","Alfred's Futterkiste","","",,,,,
"588",":Order","","","","10836","","","Ernst Handel","","",,,,,
"589",":Order","","","","10837","","","Berglunds snabbköp","","",,,,,
"590",":Order","","","","10838","","","LINO-Delicateses","","",,,,,
"591",":Order","","","","10839","","","Tradiçao Hipermercados","","",,,,,
"592",":Order","","","","10840","","","LINO-Delicateses","","",,,,,
"593",":Order","","","","10841","","","Suprêmes délices","","",,,,,
"594",":Order","","","","10842","","","Tortuga Restaurante","","",,,,,
"595",":Order","","","","10843","","","Victuailles en stock","","",,,,,
"596",":Order","","","","10844","","","Piccolo und mehr","","",,,,,
"597",":Order","","","","10845","","","QUICK-Stop","","",,,,,
"598",":Order","","","","10846","","","Suprêmes délices","","",,,,,
"599",":Order","","","","10847","","","Save-a-lot Markets","","",,,,,
"600",":Order","","","","10848","","","Consolidated Holdings","","",,,,,
"601",":Order","","","","10849","","","Königlich Essen","","",,,,,
"602",":Order","","","","10850","","","Victuailles en stock","","",,,,,
"603",":Order","","","","10851","","","Ricardo Adocicados","","",,,,,
"604",":Order","","","","10852","","","Rattlesnake Canyon Grocery","","",,,,,
"605",":Order","","","","10853","","","Blauer See Delikatessen","","",,,,,
"606",":Order","","","","10854","","","Ernst Handel","","",,,,,
"607",":Order","","","","10855","","","Old World Delicatessen","","",,,,,
"608",":Order","","","","10856","","","Antonio Moreno Taquería","","",,,,,
"609",":Order","","","","10857","","","Berglunds snabbköp","","",,,,,
"610",":Order","","","","10858","","","La corne d'abondance","","",,,,,
"611",":Order","","","","10859","","","Frankenversand","","",,,,,
"612",":Order","","","","10860","","","France restauration","","",,,,,
"613",":Order","","","","10861","","","White Clover Markets","","",,,,,
"614",":Order","","","","10862","","","Lehmanns Marktstand","","",,,,,
"615",":Order","","","","10863","","","HILARION-Abastos","","",,,,,
"616",":Order","","","","10864","","","Around the Horn","","",,,,,
"617",":Order","","","","10865","","","QUICK-Stop","","",,,,,
"618",":Order","","","","10866","","","Berglunds snabbköp","","",,,,,
"619",":Order","","","","10867","","","Lonesome Pine Restaurant","","",,,,,
"620",":Order","","","","10868","","","Queen Cozinha","","",,,,,
"621",":Order","","","","10869","","","Seven Seas Imports","","",,,,,
"622",":Order","","","","10870","","","Wolski Zajazd","","",,,,,
"623",":Order","","","","10871","","","Bon app'","","",,,,,
"624",":Order","","","","10872","","","Godos Cocina Típica","","",,,,,
"625",":Order","","","","10873","","","Wilman Kala","","",,,,,
"626",":Order","","","","10874","","","Godos Cocina Típica","","",,,,,
"627",":Order","","","","10875","","","Berglunds snabbköp","","",,,,,
"628",":Order","","","","10876","","","Bon app'","","",,,,,
"629",":Order","","","","10877","","","Ricardo Adocicados","","",,,,,
"630",":Order","","","","10878","","","QUICK-Stop","","",,,,,
"631",":Order","","","","10879","","","Wilman Kala","","",,,,,
"632",":Order","","","","10880","","","Folk och fä HB","","",,,,,
"633",":Order","","","","10881","","","Cactus Comidas para llevar","","",,,,,
"634",":Order","","","","10882","","","Save-a-lot Markets","","",,,,,
"635",":Order","","","","10883","","","Lonesome Pine Restaurant","","",,,,,
"636",":Order","","","","10884","","","Let's Stop N Shop","","",,,,,
"637",":Order","","","","10885","","","Suprêmes délices","","",,,,,
"638",":Order","","","","10886","","","Hanari Carnes","","",,,,,
"639",":Order","","","","10887","","","Galería del gastronómo","","",,,,,
"640",":Order","","","","10888","","","Godos Cocina Típica","","",,,,,
"641",":Order","","","","10889","","","Rattlesnake Canyon Grocery","","",,,,,
"642",":Order","","","","10890","","","Du monde entier","","",,,,,
"643",":Order","","","","10891","","","Lehmanns Marktstand","","",,,,,
"644",":Order","","","","10892","","","Maison Dewey","","",,,,,
"645",":Order","","","","10893","","","Königlich Essen","","",,,,,
"646",":Order","","","","10894","","","Save-a-lot Markets","","",,,,,
"647",":Order","","","","10895","","","Ernst Handel","","",,,,,
"648",":Order","","","","10896","","","Maison Dewey","","",,,,,
"649",":Order","","","","10897","","","Hungry Owl All-Night Grocers","","",,,,,
"650",":Order","","","","10898","","","Océano Atlántico Ltda.","","",,,,,
"651",":Order","","","","10899","","","LILA-Supermercado","","",,,,,
"652",":Order","","","","10900","","","Wellington Importadora","","",,,,,
"653",":Order","","","","10901","","","HILARION-Abastos","","",,,,,
"654",":Order","","","","10902","","","Folk och fä HB","","",,,,,
"655",":Order","","","","10903","","","Hanari Carnes","","",,,,,
"656",":Order","","","","10904","","","White Clover Markets","","",,,,,
"657",":Order","","","","10905","","","Wellington Importadora","","",,,,,
"658",":Order","","","","10906","","","Wolski Zajazd","","",,,,,
"659",":Order","","","","10907","","","Spécialités du monde","","",,,,,
"660",":Order","","","","10908","","","Reggiani Caseifici","","",,,,,
"661",":Order","","","","10909","","","Santé Gourmet","","",,,,,
"662",":Order","","","","10910","","","Wilman Kala","","",,,,,
"663",":Order","","","","10911","","","Godos Cocina Típica","","",,,,,
"664",":Order","","","","10912","","","Hungry Owl All-Night Grocers","","",,,,,
"665",":Order","","","","10913","","","Queen Cozinha","","",,,,,
"666",":Order","","","","10914","","","Queen Cozinha","","",,,,,
"667",":Order","","","","10915","","","Tortuga Restaurante","","",,,,,
"668",":Order","","","","10916","","","Rancho grande","","",,,,,
"669",":Order","","","","10917","","","Romero y tomillo","","",,,,,
"670",":Order","","","","10918","","","Bottom-Dollar Markets","","",,,,,
"671",":Order","","","","10919","","","LINO-Delicateses","","",,,,,
"672",":Order","","","","10920","","","Around the Horn","","",,,,,
"673",":Order","","","","10921","","","Vaffeljernet","","",,,,,
"674",":Order","","","","10922","","","Hanari Carnes","","",,,,,
"675",":Order","","","","10923","","","La maison d'Asie","","",,,,,
"676",":Order","","","","10924","","","Berglunds snabbköp","","",,,,,
"677",":Order","","","","10925","","","Hanari Carnes","","",,,,,
"678",":Order","","","","10926","","","Ana Trujillo Emparedados y helados","","",,,,,
"679",":Order","","","","10927","","","La corne d'abondance","","",,,,,
"680",":Order","","","","10928","","","Galería del gastronómo","","",,,,,
"681",":Order","","","","10929","","","Frankenversand","","",,,,,
"682",":Order","","","","10930","","","Suprêmes délices","","",,,,,
"683",":Order","","","","10931","","","Richter Supermarkt","","",,,,,
"684",":Order","","","","10932","","","Bon app'","","",,,,,
"685",":Order","","","","10933","","","Island Trading","","",,,,,
"686",":Order","","","","10934","","","Lehmanns Marktstand","","",,,,,
"687",":Order","","","","10935","","","Wellington Importadora","","",,,,,
"688",":Order","","","","10936","","","Great Lakes Food Market","","",,,,,
"689",":Order","","","","10937","","","Cactus Comidas para llevar","","",,,,,
"690",":Order","","","","10938","","","QUICK-Stop","","",,,,,
"691",":Order","","","","10939","","","Magazzini Alimentari Riuniti","","",,,,,
"692",":Order","","","","10940","","","Bon app'","","",,,,,
"693",":Order","","","","10941","","","Save-a-lot Markets","","",,,,,
"694",":Order","","","","10942","","","Reggiani Caseifici","","",,,,,
"695",":Order","","","","10943","","","B's Beverages","","",,,,,
"696",":Order","","","","10944","","","Bottom-Dollar Markets","","",,,,,
"697",":Order","","","","10945","","","Morgenstern Gesundkost","","",,,,,
"698",":Order","","","","10946","","","Vaffeljernet","","",,,,,
"699",":Order","","","","10947","","","B's Beverages","","",,,,,
"700",":Order","","","","10948","","","Godos Cocina Típica","","",,,,,
"701",":Order","","","","10949","","","Bottom-Dollar Markets","","",,,,,
"702",":Order","","","","10950","","","Magazzini Alimentari Riuniti","","",,,,,
"703",":Order","","","","10951","","","Richter Supermarkt","","",,,,,
"704",":Order","","","","10952","","","Alfred's Futterkiste","","",,,,,
"705",":Order","","","","10953","","","Around the Horn","","",,,,,
"706",":Order","","","","10954","","","LINO-Delicateses","","",,,,,
"707",":Order","","","","10955","","","Folk och fä HB","","",,,,,
"708",":Order","","","","10956","","","Blauer See Delikatessen","","",,,,,
"709",":Order","","","","10957","","","HILARION-Abastos","","",,,,,
"710",":Order","","","","10958","","","Océano Atlántico Ltda.","","",,,,,
"711",":Order","","","","10959","","","Gourmet Lanchonetes","","",,,,,
"712",":Order","","","","10960","","","HILARION-Abastos","","",,,,,
"713",":Order","","","","10961","","","Queen Cozinha","","",,,,,
"714",":Order","","","","10962","","","QUICK-Stop","","",,,,,
"715",":Order","","","","10963","","","Furia Bacalhau e Frutos do Mar","","",,,,,
"716",":Order","","","","10964","","","Spécialités du monde","","",,,,,
"717",":Order","","","","10965","","","Old World Delicatessen","","",,,,,
"718",":Order","","","","10966","","","Chop-suey Chinese","","",,,,,
"719",":Order","","","","10967","","","Toms Spezialitäten","","",,,,,
"720",":Order","","","","10968","","","Ernst Handel","","",,,,,
"721",":Order","","","","10969","","","Comércio Mineiro","","",,,,,
"722",":Order","","","","10970","","","Bólido Comidas preparadas","","",,,,,
"723",":Order","","","","10971","","","France restauration","","",,,,,
"724",":Order","","","","10972","","","La corne d'abondance","","",,,,,
"725",":Order","","","","10973","","","La corne d'abondance","","",,,,,
"726",":Order","","","","10974","","","Split Rail Beer & Ale","","",,,,,
"727",":Order","","","","10975","","","Bottom-Dollar Markets","","",,,,,
"728",":Order","","","","10976","","","HILARION-Abastos","","",,,,,
"729",":Order","","","","10977","","","Folk och fä HB","","",,,,,
"730",":Order","","","","10978","","","Maison Dewey","","",,,,,
"731",":Order","","","","10979","","","Ernst Handel","","",,,,,
"732",":Order","","","","10980","","","Folk och fä HB","","",,,,,
"733",":Order","","","","10981","","","Hanari Carnes","","",,,,,
"734",":Order","","","","10982","","","Bottom-Dollar Markets","","",,,,,
"735",":Order","","","","10983","","","Save-a-lot Markets","","",,,,,
"736",":Order","","","","10984","","","Save-a-lot Markets","","",,,,,
"737",":Order","","","","10985","","","Hungry Owl All-Night Grocers","","",,,,,
"738",":Order","","","","10986","","","Océano Atlántico Ltda.","","",,,,,
"739",":Order","","","","10987","","","Eastern Connection","","",,,,,
"740",":Order","","","","10988","","","Rattlesnake Canyon Grocery","","",,,,,
"741",":Order","","","","10989","","","Que Delícia","","",,,,,
"742",":Order","","","","10990","","","Ernst Handel","","",,,,,
"743",":Order","","","","10991","","","QUICK-Stop","","",,,,,
"744",":Order","","","","10992","","","The Big Cheese","","",,,,,
"745",":Order","","","","10993","","","Folk och fä HB","","",,,,,
"746",":Order","","","","10994","","","Vaffeljernet","","",,,,,
"747",":Order","","","","10995","","","Pericles Comidas clásicas","","",,,,,
"748",":Order","","","","10996","","","QUICK-Stop","","",,,,,
"749",":Order","","","","10997","","","LILA-Supermercado","","",,,,,
"750",":Order","","","","10998","","","Wolski Zajazd","","",,,,,
"751",":Order","","","","10999","","","Ottilies Käseladen","","",,,,,
"752",":Order","","","","11000","","","Rattlesnake Canyon Grocery","","",,,,,
"753",":Order","","","","11001","","","Folk och fä HB","","",,,,,
"754",":Order","","","","11002","","","Save-a-lot Markets","","",,,,,
"755",":Order","","","","11003","","","The Cracker Box","","",,,,,
"756",":Order","","","","11004","","","Maison Dewey","","",,,,,
"757",":Order","","","","11005","","","Wilman Kala","","",,,,,
"758",":Order","","","","11006","","","Great Lakes Food Market","","",,,,,
"759",":Order","","","","11007","","","Princesa Isabel Vinhos","","",,,,,
"760",":Order","","","","11008","","","Ernst Handel","","",,,,,
"761",":Order","","","","11009","","","Godos Cocina Típica","","",,,,,
"762",":Order","","","","11010","","","Reggiani Caseifici","","",,,,,
"763",":Order","","","","11011","","","Alfred's Futterkiste","","",,,,,
"764",":Order","","","","11012","","","Frankenversand","","",,,,,
"765",":Order","","","","11013","","","Romero y tomillo","","",,,,,
"766",":Order","","","","11014","","","LINO-Delicateses","","",,,,,
"767",":Order","","","","11015","","","Santé Gourmet","","",,,,,
"768",":Order","","","","11016","","","Around the Horn","","",,,,,
"769",":Order","","","","11017","","","Ernst Handel","","",,,,,
"770",":Order","","","","11018","","","Lonesome Pine Restaurant","","",,,,,
"771",":Order","","","","11019","","","Rancho grande","","",,,,,
"772",":Order","","","","11020","","","Ottilies Käseladen","","",,,,,
"773",":Order","","","","11021","","","QUICK-Stop","","",,,,,
"774",":Order","","","","11022","","","Hanari Carnes","","",,,,,
"775",":Order","","","","11023","","","B's Beverages","","",,,,,
"776",":Order","","","","11024","","","Eastern Connection","","",,,,,
"777",":Order","","","","11025","","","Wartian Herkku","","",,,,,
"778",":Order","","","","11026","","","Franchi S.p.A.","","",,,,,
"779",":Order","","","","11027","","","Bottom-Dollar Markets","","",,,,,
"780",":Order","","","","11028","","","Königlich Essen","","",,,,,
"781",":Order","","","","11029","","","Chop-suey Chinese","","",,,,,
"782",":Order","","","","11030","","","Save-a-lot Markets","","",,,,,
"783",":Order","","","","11031","","","Save-a-lot Markets","","",,,,,
"784",":Order","","","","11032","","","White Clover Markets","","",,,,,
"785",":Order","","","","11033","","","Richter Supermarkt","","",,,,,
"786",":Order","","","","11034","","","Old World Delicatessen","","",,,,,
"787",":Order","","","","11035","","","Suprêmes délices","","",,,,,
"788",":Order","","","","11036","","","Drachenblut Delikatessen","","",,,,,
"789",":Order","","","","11037","","","Godos Cocina Típica","","",,,,,
"790",":Order","","","","11038","","","Suprêmes délices","","",,,,,
"791",":Order","","","","11039","","","LINO-Delicateses","","",,,,,
"792",":Order","","","","11040","","","Great Lakes Food Market","","",,,,,
"793",":Order","","","","11041","","","Chop-suey Chinese","","",,,,,
"794",":Order","","","","11042","","","Comércio Mineiro","","",,,,,
"795",":Order","","","","11043","","","Spécialités du monde","","",,,,,
"796",":Order","","","","11044","","","Wolski Zajazd","","",,,,,
"797",":Order","","","","11045","","","Bottom-Dollar Markets","","",,,,,
"798",":Order","","","","11046","","","Die Wandernde Kuh","","",,,,,
"799",":Order","","","","11047","","","Eastern Connection","","",,,,,
"800",":Order","","","","11048","","","Bottom-Dollar Markets","","",,,,,
"801",":Order","","","","11049","","","Gourmet Lanchonetes","","",,,,,
"802",":Order","","","","11050","","","Folk och fä HB","","",,,,,
"803",":Order","","","","11051","","","La maison d'Asie","","",,,,,
"804",":Order","","","","11052","","","Hanari Carnes","","",,,,,
"805",":Order","","","","11053","","","Piccolo und mehr","","",,,,,
"806",":Order","","","","11054","","","Cactus Comidas para llevar","","",,,,,
"807",":Order","","","","11055","","","HILARION-Abastos","","",,,,,
"808",":Order","","","","11056","","","Eastern Connection","","",,,,,
"809",":Order","","","","11057","","","North/South","","",,,,,
"810",":Order","","","","11058","","","Blauer See Delikatessen","","",,,,,
"811",":Order","","","","11059","","","Ricardo Adocicados","","",,,,,
"812",":Order","","","","11060","","","Franchi S.p.A.","","",,,,,
"813",":Order","","","","11061","","","Great Lakes Food Market","","",,,,,
"814",":Order","","","","11062","","","Reggiani Caseifici","","",,,,,
"815",":Order","","","","11063","","","Hungry Owl All-Night Grocers","","",,,,,
"816",":Order","","","","11064","","","Save-a-lot Markets","","",,,,,
"817",":Order","","","","11065","","","LILA-Supermercado","","",,,,,
"818",":Order","","","","11066","","","White Clover Markets","","",,,,,
"819",":Order","","","","11067","","","Drachenblut Delikatessen","","",,,,,
"820",":Order","","","","11068","","","Queen Cozinha","","",,,,,
"821",":Order","","","","11069","","","Tortuga Restaurante","","",,,,,
"822",":Order","","","","11070","","","Lehmanns Marktstand","","",,,,,
"823",":Order","","","","11071","","","LILA-Supermercado","","",,,,,
"824",":Order","","","","11072","","","Ernst Handel","","",,,,,
"825",":Order","","","","11073","","","Pericles Comidas clásicas","","",,,,,
"826",":Order","","","","11074","","","Simons bistro","","",,,,,
"827",":Order","","","","11075","","","Richter Supermarkt","","",,,,,
"828",":Order","","","","11076","","","Bon app'","","",,,,,
"829",":Order","","","","11077","","","Rattlesnake Canyon Grocery","","",,,,,
"830",":Product","","","","","1","Chai","","","18.0",,,,,
"831",":Product","","","","","2","Chang","","","19.0",,,,,
"832",":Product","","","","","3","Aniseed Syrup","","","10.0",,,,,
"833",":Product","","","","","4","Chef Anton's Cajun Seasoning","","","22.0",,,,,
"834",":Product","","","","","5","Chef Anton's Gumbo Mix","","","21.35",,,,,
"835",":Product","","","","","6","Grandma's Boysenberry Spread","","","25.0",,,,,
"836",":Product","","","","","7","Uncle Bob's Organic Dried Pears","","","30.0",,,,,
"837",":Product","","","","","8","Northwoods Cranberry Sauce","","","40.0",,,,,
"838",":Product","","","","","9","Mishi Kobe Niku","","","97.0",,,,,
"839",":Product","","","","","10","Ikura","","","31.0",,,,,
"840",":Product","","","","","11","Queso Cabrales","","","21.0",,,,,
"841",":Product","","","","","12","Queso Manchego La Pastora","","","38.0",,,,,
"842",":Product","","","","","13","Konbu","","","6.0",,,,,
"843",":Product","","","","","14","Tofu","","","23.25",,,,,
"844",":Product","","","","","15","Genen Shouyu","","","13.0",,,,,
"845",":Product","","","","","16","Pavlova","","","17.45",,,,,
"846",":Product","","","","","17","Alice Mutton","","","39.0",,,,,
"847",":Product","","","","","18","Carnarvon Tigers","","","62.5",,,,,
"848",":Product","","","","","19","Teatime Chocolate Biscuits","","","9.2",,,,,
"849",":Product","","","","","20","Sir Rodney's Marmalade","","","81.0",,,,,
"850",":Product","","","","","21","Sir Rodney's Scones","","","10.0",,,,,
"851",":Product","","","","","22","Gustaf's Knäckebröd","","","21.0",,,,,
"852",":Product","","","","","23","Tunnbröd","","","9.0",,,,,
"853",":Product","","","","","24","Guaraná Fantástica","","","4.5",,,,,
"854",":Product","","","","","25","NuNuCa Nuß-Nougat-Creme","","","14.0",,,,,
"855",":Product","","","","","26","Gumbär Gummibärchen","","","31.23",,,,,
"856",":Product","","","","","27","Schoggi Schokolade","","","43.9",,,,,
"857",":Product","","","","","28","Rössle Sauerkraut","","","45.6",,,,,
"858",":Product","","","","","29","Thüringer Rostbratwurst","","","123.79",,,,,
"859",":Product","","","","","30","Nord-Ost Matjeshering","","","25.89",,,,,
"860",":Product","","","","","31","Gorgonzola Telino","","","12.5",,,,,
"861",":Product","","","","","32","Mascarpone Fabioli","","","32.0",,,,,
"862",":Product","","","","","33","Geitost","","","2.5",,,,,
"863",":Product","","","","","34","Sasquatch Ale","","","14.0",,,,,
"864",":Product","","","","","35","Steeleye Stout","","","18.0",,,,,
"865",":Product","","","","","36","Inlagd Sill","","","19.0",,,,,
"866",":Product","","","","","37","Gravad lax","","","26.0",,,,,
"867",":Product","","","","","38","Côte de Blaye","","","263.5",,,,,
"868",":Product","","","","","39","Chartreuse verte","","","18.0",,,,,
"869",":Product","","","","","40","Boston Crab Meat","","","18.4",,,,,
"870",":Product","","","","","41","Jack's New England Clam Chowder","","","9.65",,,,,
"871",":Product","","","","","42","Singaporean Hokkien Fried Mee","","","14.0",,,,,
"872",":Product","","","","","43","Ipoh Coffee","","","46.0",,,,,
"873",":Product","","","","","44","Gula Malacca","","","19.45",,,,,
"874",":Product","","","","","45","Rogede sild","","","9.5",,,,,
"875",":Product","","","","","46","Spegesild","","","12.0",,,,,
"876",":Product","","","","","47","Zaanse koeken","","","9.5",,,,,
"877",":Product","","","","","48","Chocolade","","","12.75",,,,,
"878",":Product","","","","","49","Maxilaku","","","20.0",,,,,
"879",":Product","","","","","50","Valkoinen suklaa","","","16.25",,,,,
"880",":Product","","","","","51","Manjimup Dried Apples","","","53.0",,,,,
"881",":Product","","","","","52","Filo Mix","","","7.0",,,,,
"882",":Product","","","","","53","Perth Pasties","","","32.8",,,,,
"883",":Product","","","","","54","Tourtière","","","7.45",,,,,
"884",":Product","","","","","55","Pâté chinois","","","24.0",,,,,
"885",":Product","","","","","56","Gnocchi di nonna Alice","","","38.0",,,,,
"886",":Product","","","","","57","Ravioli Angelo","","","19.5",,,,,
"887",":Product","","","","","58","Escargots de Bourgogne","","","13.25",,,,,
"888",":Product","","","","","59","Raclette Courdavault","","","55.0",,,,,
"889",":Product","","","","","60","Camembert Pierrot","","","34.0",,,,,
"890",":Product","","","","","61","Sirop d'érable","","","28.5",,,,,
"891",":Product","","","","","62","Tarte au sucre","","","49.3",,,,,
"892",":Product","","","","","63","Vegie-spread","","","43.9",,,,,
"893",":Product","","","","","64","Wimmers gute Semmelknödel","","","33.25",,,,,
"894",":Product","","","","","65","Louisiana Fiery Hot Pepper Sauce","","","21.05",,,,,
"895",":Product","","","","","66","Louisiana Hot Spiced Okra","","","17.0",,,,,
"896",":Product","","","","","67","Laughing Lumberjack Lager","","","14.0",,,,,
"897",":Product","","","","","68","Scottish Longbreads","","","12.5",,,,,
"898",":Product","","","","","69","Gudbrandsdalsost","","","36.0",,,,,
"899",":Product","","","","","70","Outback Lager","","","15.0",,,,,
"900",":Product","","","","","71","Flotemysost","","","21.5",,,,,
"901",":Product","","","","","72","Mozzarella di Giovanni","","","34.8",,,,,
"902",":Product","","","","","73","Röd Kaviar","","","15.0",,,,,
"903",":Product","","","","","74","Longlife Tofu","","","10.0",,,,,
"904",":Product","","","","","75","Rhönbräu Klosterbier","","","7.75",,,,,
"905",":Product","","","","","76","Lakkalikööri","","","18.0",,,,,
"906",":Product","","","","","77","Original Frankfurter grüne Soße","","","13.0",,,,,
"907",":Employee","1","Nancy","Davolio","","","","","Sales Representative","",,,,,
"908",":Employee","2","Andrew","Fuller","","","","","Vice President, Sales","",,,,,
"909",":Employee","3","Janet","Leverling","","","","","Sales Representative","",,,,,
"910",":Employee","4","Margaret","Peacock","","","","","Sales Representative","",,,,,
"911",":Employee","5","Steven","Buchanan","","","","","Sales Manager","",,,,,
"912",":Employee","6","Michael","Suyama","","","","","Sales Representative","",,,,,
"913",":Employee","7","Robert","King","","","","","Sales Representative","",,,,,
"914",":Employee","8","Laura","Callahan","","","","","Inside Sales Coordinator","",,,,,
"915",":Employee","9","Anne","Dodsworth","","","","","Sales Representative","",,,,,
,,,,,,,,,,,"0","840","CONTAINS","12.0","14.0"
,,,,,,,,,,,"0","871","CONTAINS","10.0","9.8"
,,,,,,,,,,,"0","901","CONTAINS","5.0","34.8"
,,,,,,,,,,,"1","843","CONTAINS","9.0","18.6"
,,,,,,,,,,,"1","880","CONTAINS","40.0","42.4"
,,,,,,,,,,,"2","870","CONTAINS","10.0","7.7"
,,,,,,,,,,,"2","880","CONTAINS","35.0","42.4"
,,,,,,,,,,,"2","894","CONTAINS","15.0","16.8"
,,,,,,,,,,,"3","851","CONTAINS","6.0","16.8"
,,,,,,,,,,,"3","886","CONTAINS","15.0","15.6"
,,,,,,,,,,,"3","894","CONTAINS","20.0","16.8"
,,,,,,,,,,,"4","849","CONTAINS","40.0","64.8"
,,,,,,,,,,,"4","862","CONTAINS","25.0","2.0"
,,,,,,,,,,,"4","889","CONTAINS","40.0","27.2"
,,,,,,,,,,,"5","860","CONTAINS","20.0","10.0"
,,,,,,,,,,,"5","868","CONTAINS","42.0","14.4"
,,,,,,,,,,,"5","878","CONTAINS","40.0","16.0"
,,,,,,,,,,,"6","853","CONTAINS","15.0","3.6"
,,,,,,,,,,,"6","884","CONTAINS","21.0","19.2"
,,,,,,,,,,,"6","903","CONTAINS","21.0","8.0"
,,,,,,,,,,,"7","831","CONTAINS","20.0","15.2"
,,,,,,,,,,,"7","845","CONTAINS","35.0","13.9"
,,,,,,,,,,,"7","865","CONTAINS","25.0","15.2"
,,,,,,,,,,,"7","888","CONTAINS","30.0","44.0"
,,,,,,,,,,,"8","882","CONTAINS","15.0","26.2"
,,,,,,,,,,,"8","906","CONTAINS","12.0","10.4"
,,,,,,,,,,,"9","856","CONTAINS","25.0","35.1"
,,,,,,,,,,,"9","868","CONTAINS","6.0","14.4"
,,,,,,,,,,,"9","906","CONTAINS","15.0","10.4"
,,,,,,,,,,,"10","831","CONTAINS","50.0","15.2"
,,,,,,,,,,,"10","834","CONTAINS","65.0","17.0"
,,,,,,,,,,,"10","861","CONTAINS","6.0","25.6"
,,,,,,,,,,,"11","850","CONTAINS","10.0","8.0"
,,,,,,,,,,,"11","866","CONTAINS","1.0","20.8"
,,,,,,,,,,,"12","870","CONTAINS","16.0","7.7"
,,,,,,,,,,,"12","886","CONTAINS","50.0","15.6"
,,,,,,,,,,,"12","891","CONTAINS","15.0","39.4"
,,,,,,,,,,,"12","899","CONTAINS","21.0","12.0"
,,,,,,,,,,,"13","850","CONTAINS","20.0","8.0"
,,,,,,,,,,,"13","864","CONTAINS","20.0","14.4"
,,,,,,,,,,,"14","834","CONTAINS","12.0","17.0"
,,,,,,,,,,,"14","836","CONTAINS","15.0","24.0"
,,,,,,,,,,,"14","885","CONTAINS","2.0","30.4"
,,,,,,,,,,,"15","845","CONTAINS","60.0","13.9"
,,,,,,,,,,,"15","853","CONTAINS","28.0","3.6"
,,,,,,,,,,,"15","859","CONTAINS","60.0","20.7"
,,,,,,,,,,,"15","903","CONTAINS","36.0","8.0"
,,,,,,,,,,,"16","831","CONTAINS","35.0","15.2"
,,,,,,,,,,,"16","870","CONTAINS","25.0","7.7"
,,,,,,,,,,,"17","846","CONTAINS","30.0","31.2"
,,,,,,,,,,,"17","899","CONTAINS","20.0","12.0"
,,,,,,,,,,,"18","841","CONTAINS","12.0","30.4"
,,,,,,,,,,,"19","869","CONTAINS","50.0","14.7"
,,,,,,,,,,,"19","888","CONTAINS","70.0","44.0"
,,,,,,,,,,,"19","905","CONTAINS","15.0","14.4"
,,,,,,,,,,,"20","858","CONTAINS","10.0","99.0"
,,,,,,,,,,,"20","901","CONTAINS","4.0","27.8"
,,,,,,,,,,,"21","862","CONTAINS","60.0","2.0"
,,,,,,,,,,,"21","901","CONTAINS","20.0","27.8"
,,,,,,,,,,,"22","865","CONTAINS","30.0","15.2"
,,,,,,,,,,,"22","872","CONTAINS","25.0","36.8"
,,,,,,,,,,,"23","862","CONTAINS","24.0","2.0"
,,,,,,,,,,,"24","849","CONTAINS","6.0","64.8"
,,,,,,,,,,,"24","860","CONTAINS","40.0","10.0"
,,,,,,,,,,,"24","901","CONTAINS","24.0","27.8"
,,,,,,,,,,,"25","839","CONTAINS","24.0","24.8"
,,,,,,,,,,,"25","860","CONTAINS","15.0","10.0"
,,,,,,,,,,,"25","862","CONTAINS","20.0","2.0"
,,,,,,,,,,,"25","869","CONTAINS","60.0","14.7"
,,,,,,,,,,,"25","905","CONTAINS","33.0","14.4"
,,,,,,,,,,,"26","900","CONTAINS","20.0","17.2"
,,,,,,,,,,,"26","901","CONTAINS","7.0","27.8"
,,,,,,,,,,,"27","853","CONTAINS","12.0","3.6"
,,,,,,,,,,,"27","888","CONTAINS","6.0","44.0"
,,,,,,,,,,,"28","839","CONTAINS","15.0","24.8"
,,,,,,,,,,,"28","842","CONTAINS","10.0","4.8"
,,,,,,,,,,,"29","857","CONTAINS","20.0","36.4"
,,,,,,,,,,,"29","891","CONTAINS","12.0","39.4"
,,,,,,,,,,,"30","873","CONTAINS","16.0","15.5"
,,,,,,,,,,,"30","888","CONTAINS","15.0","44.0"
,,,,,,,,,,,"30","892","CONTAINS","8.0","35.1"
,,,,,,,,,,,"30","902","CONTAINS","25.0","12.0"
,,,,,,,,,,,"31","846","CONTAINS","15.0","31.2"
,,,,,,,,,,,"32","853","CONTAINS","12.0","3.6"
,,,,,,,,,,,"32","884","CONTAINS","20.0","19.2"
,,,,,,,,,,,"32","904","CONTAINS","30.0","6.2"
,,,,,,,,,,,"33","848","CONTAINS","1.0","7.3"
,,,,,,,,,,,"33","853","CONTAINS","6.0","3.6"
,,,,,,,,,,,"33","864","CONTAINS","4.0","14.4"
,,,,,,,,,,,"34","859","CONTAINS","6.0","20.7"
,,,,,,,,,,,"34","886","CONTAINS","2.0","15.6"
,,,,,,,,,,,"35","844","CONTAINS","20.0","12.4"
,,,,,,,,,,,"35","848","CONTAINS","18.0","7.3"
,,,,,,,,,,,"35","889","CONTAINS","35.0","27.2"
,,,,,,,,,,,"35","901","CONTAINS","3.0","27.8"
,,,,,,,,,,,"36","856","CONTAINS","15.0","35.1"
,,,,,,,,,,,"36","873","CONTAINS","21.0","15.5"
,,,,,,,,,,,"36","889","CONTAINS","20.0","27.2"
,,,,,,,,,,,"36","896","CONTAINS","5.0","11.2"
,,,,,,,,,,,"37","830","CONTAINS","45.0","14.4"
,,,,,,,,,,,"37","869","CONTAINS","40.0","14.7"
,,,,,,,,,,,"37","882","CONTAINS","36.0","26.2"
,,,,,,,,,,,"38","864","CONTAINS","100.0","14.4"
,,,,,,,,,,,"38","891","CONTAINS","40.0","39.4"
,,,,,,,,,,,"39","845","CONTAINS","40.0","13.9"
,,,,,,,,,,,"39","863","CONTAINS","20.0","11.2"
,,,,,,,,,,,"39","875","CONTAINS","15.0","9.6"
,,,,,,,,,,,"40","883","CONTAINS","10.0","5.9"
,,,,,,,,,,,"40","897","CONTAINS","3.0","10.0"
,,,,,,,,,,,"41","832","CONTAINS","30.0","8.0"
,,,,,,,,,,,"41","893","CONTAINS","9.0","26.6"
,,,,,,,,,,,"42","834","CONTAINS","20.0","17.0"
,,,,,,,,,,,"42","858","CONTAINS","15.0","99.0"
,,,,,,,,,,,"42","878","CONTAINS","15.0","16.0"
,,,,,,,,,,,"42","906","CONTAINS","10.0","10.4"
,,,,,,,,,,,"43","842","CONTAINS","20.0","4.8"
,,,,,,,,,,,"43","873","CONTAINS","24.0","15.5"
,,,,,,,,,,,"43","880","CONTAINS","2.0","42.4"
,,,,,,,,,,,"44","849","CONTAINS","20.0","64.8"
,,,,,,,,,,,"45","847","CONTAINS","12.0","50.0"
,,,,,,,,,,,"45","853","CONTAINS","10.0","3.6"
,,,,,,,,,,,"45","892","CONTAINS","5.0","35.1"
,,,,,,,,,,,"45","904","CONTAINS","6.0","6.2"
,,,,,,,,,,,"46","830","CONTAINS","18.0","14.4"
,,,,,,,,,,,"46","846","CONTAINS","15.0","31.2"
,,,,,,,,,,,"46","872","CONTAINS","15.0","36.8"
,,,,,,,,,,,"46","889","CONTAINS","21.0","27.2"
,,,,,,,,,,,"46","904","CONTAINS","6.0","6.2"
,,,,,,,,,,,"47","885","CONTAINS","4.0","30.4"
,,,,,,,,,,,"48","840","CONTAINS","12.0","16.8"
,,,,,,,,,,,"48","845","CONTAINS","30.0","13.9"
,,,,,,,,,,,"48","898","CONTAINS","15.0","28.8"
,,,,,,,,,,,"49","868","CONTAINS","60.0","14.4"
,,,,,,,,,,,"49","901","CONTAINS","20.0","27.8"
,,,,,,,,,,,"50","831","CONTAINS","40.0","15.2"
,,,,,,,,,,,"50","865","CONTAINS","40.0","15.2"
,,,,,,,,,,,"50","888","CONTAINS","30.0","44.0"
,,,,,,,,,,,"50","891","CONTAINS","15.0","39.4"
,,,,,,,,,,,"51","848","CONTAINS","15.0","7.3"
,,,,,,,,,,,"51","899","CONTAINS","20.0","12.0"
,,,,,,,,,,,"52","895","CONTAINS","30.0","13.6"
,,,,,,,,,,,"52","897","CONTAINS","20.0","10.0"
,,,,,,,,,,,"53","869","CONTAINS","10.0","14.7"
,,,,,,,,,,,"53","885","CONTAINS","20.0","30.4"
,,,,,,,,,,,"54","846","CONTAINS","40.0","31.2"
,,,,,,,,,,,"54","857","CONTAINS","28.0","36.4"
,,,,,,,,,,,"54","872","CONTAINS","12.0","36.8"
,,,,,,,,,,,"55","869","CONTAINS","40.0","14.7"
,,,,,,,,,,,"55","894","CONTAINS","30.0","16.8"
,,,,,,,,,,,"55","897","CONTAINS","15.0","10.0"
,,,,,,,,,,,"56","878","CONTAINS","30.0","16.0"
,,,,,,,,,,,"56","888","CONTAINS","10.0","44.0"
,,,,,,,,,,,"56","900","CONTAINS","2.0","17.2"
,,,,,,,,,,,"57","847","CONTAINS","25.0","50.0"
,,,,,,,,,,,"57","858","CONTAINS","25.0","99.0"
,,,,,,,,,,,"57","868","CONTAINS","30.0","14.4"
,,,,,,,,,,,"58","859","CONTAINS","10.0","20.7"
,,,,,,,,,,,"58","882","CONTAINS","10.0","26.2"
,,,,,,,,,,,"58","883","CONTAINS","5.0","5.9"
,,,,,,,,,,,"59","891","CONTAINS","10.0","39.4"
,,,,,,,,,,,"59","897","CONTAINS","3.0","10.0"
,,,,,,,,,,,"60","898","CONTAINS","1.0","28.8"
,,,,,,,,,,,"60","899","CONTAINS","5.0","12.0"
,,,,,,,,,,,"61","833","CONTAINS","20.0","17.6"
,,,,,,,,,,,"61","835","CONTAINS","30.0","20.0"
,,,,,,,,,,,"61","871","CONTAINS","2.0","11.2"
,,,,,,,,,,,"61","872","CONTAINS","20.0","36.8"
,,,,,,,,,,,"61","900","CONTAINS","3.0","17.2"
,,,,,,,,,,,"62","845","CONTAINS","10.0","13.9"
,,,,,,,,,,,"62","891","CONTAINS","5.0","39.4"
,,,,,,,,,,,"63","871","CONTAINS","6.0","11.2"
,,,,,,,,,,,"63","898","CONTAINS","7.0","28.8"
,,,,,,,,,,,"64","857","CONTAINS","4.0","36.4"
,,,,,,,,,,,"64","872","CONTAINS","24.0","36.8"
,,,,,,,,,,,"64","882","CONTAINS","20.0","26.2"
,,,,,,,,,,,"64","904","CONTAINS","10.0","6.2"
,,,,,,,,,,,"65","865","CONTAINS","12.0","15.2"
,,,,,,,,,,,"66","861","CONTAINS","40.0","25.6"
,,,,,,,,,,,"66","887","CONTAINS","30.0","10.6"
,,,,,,,,,,,"66","891","CONTAINS","25.0","39.4"
,,,,,,,,,,,"67","863","CONTAINS","14.0","11.2"
,,,,,,,,,,,"67","899","CONTAINS","30.0","12.0"
,,,,,,,,,,,"68","870","CONTAINS","10.0","7.7"
,,,,,,,,,,,"68","891","CONTAINS","70.0","39.4"
,,,,,,,,,,,"69","830","CONTAINS","20.0","14.4"
,,,,,,,,,,,"70","870","CONTAINS","20.0","7.7"
,,,,,,,,,,,"70","905","CONTAINS","6.0","14.4"
,,,,,,,,,,,"71","846","CONTAINS","8.0","31.2"
,,,,,,,,,,,"71","857","CONTAINS","14.0","36.4"
,,,,,,,,,,,"71","905","CONTAINS","30.0","14.4"
,,,,,,,,,,,"72","900","CONTAINS","30.0","17.2"
,,,,,,,,,,,"73","864","CONTAINS","10.0","14.4"
,,,,,,,,,,,"74","881","CONTAINS","20.0","5.6"
,,,,,,,,,,,"75","844","CONTAINS","5.0","12.4"
,,,,,,,,,,,"75","854","CONTAINS","4.0","11.2"
,,,,,,,,,,,"75","868","CONTAINS","4.0","14.4"
,,,,,,,,,,,"76","845","CONTAINS","21.0","13.9"
,,,,,,,,,,,"76","864","CONTAINS","70.0","14.4"
,,,,,,,,,,,"76","875","CONTAINS","30.0","9.6"
,,,,,,,,,,,"76","888","CONTAINS","40.0","44.0"
,,,,,,,,,,,"76","892","CONTAINS","80.0","35.1"
,,,,,,,,,,,"77","835","CONTAINS","6.0","20.0"
,,,,,,,,,,,"77","842","CONTAINS","12.0","4.8"
,,,,,,,,,,,"77","843","CONTAINS","9.0","18.6"
,,,,,,,,,,,"77","860","CONTAINS","4.0","10.0"
,,,,,,,,,,,"77","901","CONTAINS","40.0","27.8"
,,,,,,,,,,,"78","833","CONTAINS","24.0","17.6"
,,,,,,,,,,,"78","886","CONTAINS","16.0","15.6"
,,,,,,,,,,,"78","904","CONTAINS","50.0","6.2"
,,,,,,,,,,,"79","831","CONTAINS","25.0","15.2"
,,,,,,,,,,,"79","840","CONTAINS","50.0","16.8"
,,,,,,,,,,,"79","859","CONTAINS","35.0","20.7"
,,,,,,,,,,,"79","887","CONTAINS","30.0","10.6"
,,,,,,,,,,,"80","888","CONTAINS","9.0","44.0"
,,,,,,,,,,,"80","894","CONTAINS","40.0","16.8"
,,,,,,,,,,,"80","897","CONTAINS","10.0","10.0"
,,,,,,,,,,,"81","848","CONTAINS","10.0","7.3"
,,,,,,,,,,,"81","859","CONTAINS","8.0","20.7"
,,,,,,,,,,,"81","867","CONTAINS","20.0","210.8"
,,,,,,,,,,,"81","885","CONTAINS","12.0","30.4"
,,,,,,,,,,,"82","855","CONTAINS","50.0","24.9"
,,,,,,,,,,,"82","901","CONTAINS","25.0","27.8"
,,,,,,,,,,,"83","883","CONTAINS","15.0","5.9"
,,,,,,,,,,,"84","847","CONTAINS","40.0","50.0"
,,,,,,,,,,,"84","871","CONTAINS","10.0","11.2"
,,,,,,,,,,,"84","876","CONTAINS","16.0","7.6"
,,,,,,,,,,,"85","843","CONTAINS","10.0","18.6"
,,,,,,,,,,,"85","850","CONTAINS","10.0","8.0"
,,,,,,,,,,,"85","900","CONTAINS","40.0","17.2"
,,,,,,,,,,,"86","881","CONTAINS","8.0","5.6"
,,,,,,,,,,,"86","897","CONTAINS","10.0","10.0"
,,,,,,,,,,,"87","831","CONTAINS","7.0","15.2"
,,,,,,,,,,,"87","860","CONTAINS","25.0","10.0"
,,,,,,,,,,,"87","861","CONTAINS","6.0","25.6"
,,,,,,,,,,,"87","880","CONTAINS","48.0","42.4"
,,,,,,,,,,,"88","833","CONTAINS","18.0","17.6"
,,,,,,,,,,,"89","852","CONTAINS","40.0","7.2"
,,,,,,,,,,,"89","855","CONTAINS","24.0","24.9"
,,,,,,,,,,,"89","865","CONTAINS","20.0","15.2"
,,,,,,,,,,,"89","866","CONTAINS","28.0","20.8"
,,,,,,,,,,,"89","901","CONTAINS","25.0","27.8"
,,,,,,,,,,,"90","846","CONTAINS","20.0","31.2"
,,,,,,,,,,,"90","859","CONTAINS","15.0","20.7"
,,,,,,,,,,,"91","833","CONTAINS","10.0","17.6"
,,,,,,,,,,,"91","846","CONTAINS","70.0","31.2"
,,,,,,,,,,,"91","891","CONTAINS","28.0","39.4"
,,,,,,,,,,,"92","847","CONTAINS","20.0","50.0"
,,,,,,,,,,,"92","870","CONTAINS","12.0","7.7"
,,,,,,,,,,,"92","872","CONTAINS","40.0","36.8"
,,,,,,,,,,,"93","862","CONTAINS","8.0","2.0"
,,,,,,,,,,,"93","888","CONTAINS","9.0","44.0"
,,,,,,,,,,,"94","831","CONTAINS","24.0","15.2"
,,,,,,,,,,,"94","860","CONTAINS","56.0","10.0"
,,,,,,,,,,,"94","865","CONTAINS","40.0","15.2"
,,,,,,,,,,,"94","884","CONTAINS","40.0","19.2"
,,,,,,,,,,,"95","893","CONTAINS","50.0","26.6"
,,,,,,,,,,,"95","897","CONTAINS","4.0","10.0"
,,,,,,,,,,,"95","905","CONTAINS","15.0","14.4"
,,,,,,,,,,,"96","833","CONTAINS","35.0","17.6"
,,,,,,,,,,,"96","837","CONTAINS","70.0","32.0"
,,,,,,,,,,,"97","837","CONTAINS","70.0","32.0"
,,,,,,,,,,,"97","848","CONTAINS","80.0","7.3"
,,,,,,,,,,,"97","871","CONTAINS","9.0","11.2"
,,,,,,,,,,,"98","846","CONTAINS","36.0","31.2"
,,,,,,,,,,,"98","885","CONTAINS","20.0","30.4"
,,,,,,,,,,,"99","854","CONTAINS","10.0","11.2"
,,,,,,,,,,,"99","868","CONTAINS","50.0","14.4"
,,,,,,,,,,,"99","869","CONTAINS","4.0","14.7"
,,,,,,,,,,,"99","904","CONTAINS","6.0","6.2"
,,,,,,,,,,,"100","830","CONTAINS","15.0","14.4"
,,,,,,,,,,,"100","852","CONTAINS","25.0","7.2"
,,,,,,,,,,,"101","883","CONTAINS","24.0","5.9"
,,,,,,,,,,,"102","879","CONTAINS","15.0","13.0"
,,,,,,,,,,,"102","898","CONTAINS","18.0","28.8"
,,,,,,,,,,,"103","867","CONTAINS","20.0","210.8"
,,,,,,,,,,,"103","870","CONTAINS","13.0","7.7"
,,,,,,,,,,,"103","873","CONTAINS","77.0","15.5"
,,,,,,,,,,,"103","894","CONTAINS","10.0","16.8"
,,,,,,,,,,,"104","853","CONTAINS","10.0","3.6"
,,,,,,,,,,,"104","883","CONTAINS","20.0","5.9"
,,,,,,,,,,,"105","840","CONTAINS","12.0","16.8"
,,,,,,,,,,,"105","867","CONTAINS","50.0","210.8"
,,,,,,,,,,,"106","830","CONTAINS","12.0","14.4"
,,,,,,,,,,,"106","858","CONTAINS","4.0","99.0"
,,,,,,,,,,,"107","853","CONTAINS","25.0","3.6"
,,,,,,,,,,,"107","886","CONTAINS","25.0","15.6"
,,,,,,,,,,,"108","860","CONTAINS","30.0","10.0"
,,,,,,,,,,,"108","884","CONTAINS","12.0","19.2"
,,,,,,,,,,,"108","898","CONTAINS","20.0","28.8"
,,,,,,,,,,,"109","839","CONTAINS","30.0","24.8"
,,,,,,,,,,,"109","855","CONTAINS","16.0","24.9"
,,,,,,,,,,,"109","889","CONTAINS","8.0","27.2"
,,,,,,,,,,,"110","853","CONTAINS","10.0","3.6"
,,,,,,,,,,,"110","863","CONTAINS","10.0","11.2"
,,,,,,,,,,,"110","865","CONTAINS","20.0","15.2"
,,,,,,,,,,,"111","845","CONTAINS","56.0","13.9"
,,,,,,,,,,,"111","860","CONTAINS","70.0","10.0"
,,,,,,,,,,,"111","889","CONTAINS","80.0","27.2"
,,,,,,,,,,,"112","857","CONTAINS","30.0","36.4"
,,,,,,,,,,,"112","858","CONTAINS","35.0","99.0"
,,,,,,,,,,,"112","867","CONTAINS","10.0","210.8"
,,,,,,,,,,,"112","878","CONTAINS","35.0","16.0"
,,,,,,,,,,,"112","883","CONTAINS","28.0","5.9"
,,,,,,,,,,,"113","868","CONTAINS","54.0","14.4"
,,,,,,,,,,,"113","889","CONTAINS","55.0","27.2"
,,,,,,,,,,,"114","854","CONTAINS","50.0","11.2"
,,,,,,,,,,,"114","880","CONTAINS","20.0","42.4"
,,,,,,,,,,,"114","883","CONTAINS","24.0","5.9"
,,,,,,,,,,,"115","860","CONTAINS","20.0","10.0"
,,,,,,,,,,,"115","904","CONTAINS","12.0","6.2"
,,,,,,,,,,,"115","905","CONTAINS","12.0","14.4"
,,,,,,,,,,,"116","898","CONTAINS","30.0","28.8"
,,,,,,,,,,,"116","900","CONTAINS","5.0","17.2"
,,,,,,,,,,,"117","840","CONTAINS","24.0","16.8"
,,,,,,,,,,,"118","894","CONTAINS","5.0","16.8"
,,,,,,,,,,,"118","906","CONTAINS","5.0","10.4"
,,,,,,,,,,,"119","863","CONTAINS","36.0","11.2"
,,,,,,,,,,,"119","883","CONTAINS","18.0","5.9"
,,,,,,,,,,,"119","894","CONTAINS","15.0","16.8"
,,,,,,,,,,,"119","906","CONTAINS","7.0","10.4"
,,,,,,,,,,,"120","850","CONTAINS","5.0","8.0"
,,,,,,,,,,,"120","857","CONTAINS","13.0","36.4"
,,,,,,,,,,,"120","886","CONTAINS","25.0","15.6"
,,,,,,,,,,,"120","893","CONTAINS","35.0","26.6"
,,,,,,,,,,,"121","858","CONTAINS","20.0","99.0"
,,,,,,,,,,,"121","885","CONTAINS","18.0","30.4"
,,,,,,,,,,,"122","830","CONTAINS","15.0","14.4"
,,,,,,,,,,,"122","893","CONTAINS","30.0","26.6"
,,,,,,,,,,,"122","903","CONTAINS","20.0","8.0"
,,,,,,,,,,,"123","865","CONTAINS","6.0","15.2"
,,,,,,,,,,,"124","849","CONTAINS","12.0","64.8"
,,,,,,,,,,,"124","867","CONTAINS","40.0","210.8"
,,,,,,,,,,,"124","889","CONTAINS","70.0","27.2"
,,,,,,,,,,,"124","901","CONTAINS","42.0","27.8"
,,,,,,,,,,,"125","887","CONTAINS","80.0","10.6"
,,,,,,,,,,,"125","900","CONTAINS","50.0","17.2"
,,,,,,,,,,,"126","860","CONTAINS","30.0","10.0"
,,,,,,,,,,,"126","887","CONTAINS","15.0","10.6"
,,,,,,,,,,,"127","843","CONTAINS","15.0","18.6"
,,,,,,,,,,,"127","883","CONTAINS","10.0","5.9"
,,,,,,,,,,,"128","860","CONTAINS","42.0","10.0"
,,,,,,,,,,,"129","857","CONTAINS","20.0","36.4"
,,,,,,,,,,,"129","868","CONTAINS","20.0","14.4"
,,,,,,,,,,,"130","900","CONTAINS","6.0","17.2"
,,,,,,,,,,,"131","870","CONTAINS","8.0","7.7"
,,,,,,,,,,,"131","892","CONTAINS","16.0","35.1"
,,,,,,,,,,,"131","894","CONTAINS","20.0","16.8"
,,,,,,,,,,,"132","859","CONTAINS","18.0","20.7"
,,,,,,,,,,,"132","882","CONTAINS","20.0","26.2"
,,,,,,,,,,,"132","889","CONTAINS","6.0","27.2"
,,,,,,,,,,,"132","899","CONTAINS","30.0","12.0"
,,,,,,,,,,,"133","903","CONTAINS","14.0","8.0"
,,,,,,,,,,,"134","834","CONTAINS","32.0","17.0"
,,,,,,,,,,,"134","847","CONTAINS","9.0","50.0"
,,,,,,,,,,,"134","858","CONTAINS","14.0","99.0"
,,,,,,,,,,,"134","862","CONTAINS","60.0","2.0"
,,,,,,,,,,,"134","903","CONTAINS","50.0","8.0"
,,,,,,,,,,,"135","842","CONTAINS","20.0","4.8"
,,,,,,,,,,,"135","879","CONTAINS","15.0","13.0"
,,,,,,,,,,,"135","885","CONTAINS","20.0","30.4"
,,,,,,,,,,,"136","849","CONTAINS","28.0","64.8"
,,,,,,,,,,,"136","889","CONTAINS","15.0","27.2"
,,,,,,,,,,,"137","836","CONTAINS","10.0","24.0"
,,,,,,,,,,,"137","889","CONTAINS","20.0","27.2"
,,,,,,,,,,,"137","897","CONTAINS","8.0","10.0"
,,,,,,,,,,,"138","853","CONTAINS","15.0","3.6"
,,,,,,,,,,,"138","863","CONTAINS","10.0","11.2"
,,,,,,,,,,,"139","853","CONTAINS","15.0","3.6"
,,,,,,,,,,,"139","857","CONTAINS","6.0","36.4"
,,,,,,,,,,,"139","888","CONTAINS","12.0","44.0"
,,,,,,,,,,,"139","900","CONTAINS","15.0","17.2"
,,,,,,,,,,,"140","874","CONTAINS","15.0","7.6"
,,,,,,,,,,,"140","881","CONTAINS","20.0","5.6"
,,,,,,,,,,,"140","882","CONTAINS","40.0","26.2"
,,,,,,,,,,,"141","839","CONTAINS","16.0","24.8"
,,,,,,,,,,,"141","884","CONTAINS","15.0","19.2"
,,,,,,,,,,,"141","891","CONTAINS","20.0","39.4"
,,,,,,,,,,,"141","899","CONTAINS","30.0","12.0"
,,,,,,,,,,,"142","860","CONTAINS","60.0","10.0"
,,,,,,,,,,,"142","864","CONTAINS","40.0","14.4"
,,,,,,,,,,,"142","875","CONTAINS","45.0","9.6"
,,,,,,,,,,,"142","901","CONTAINS","24.0","27.8"
,,,,,,,,,,,"143","842","CONTAINS","18.0","4.8"
,,,,,,,,,,,"144","898","CONTAINS","50.0","28.8"
,,,,,,,,,,,"145","831","CONTAINS","25.0","15.2"
,,,,,,,,,,,"145","843","CONTAINS","42.0","18.6"
,,,,,,,,,,,"145","854","CONTAINS","7.0","11.2"
,,,,,,,,,,,"145","855","CONTAINS","70.0","24.9"
,,,,,,,,,,,"145","860","CONTAINS","32.0","10.0"
,,,,,,,,,,,"146","842","CONTAINS","10.0","4.8"
,,,,,,,,,,,"146","891","CONTAINS","10.0","39.4"
,,,,,,,,,,,"147","875","CONTAINS","28.0","9.6"
,,,,,,,,,,,"147","882","CONTAINS","70.0","26.2"
,,,,,,,,,,,"147","898","CONTAINS","8.0","28.8"
,,,,,,,,,,,"148","852","CONTAINS","40.0","7.2"
,,,,,,,,,,,"148","900","CONTAINS","60.0","17.2"
,,,,,,,,,,,"148","901","CONTAINS","21.0","27.8"
,,,,,,,,,,,"149","850","CONTAINS","10.0","8.0"
,,,,,,,,,,,"149","880","CONTAINS","18.0","42.4"
,,,,,,,,,,,"150","864","CONTAINS","30.0","14.4"
,,,,,,,,,,,"150","884","CONTAINS","120.0","19.2"
,,,,,,,,,,,"151","897","CONTAINS","60.0","10.0"
,,,,,,,,,,,"151","900","CONTAINS","30.0","17.2"
,,,,,,,,,,,"151","905","CONTAINS","35.0","14.4"
,,,,,,,,,,,"151","906","CONTAINS","14.0","10.4"
,,,,,,,,,,,"152","858","CONTAINS","21.0","99.0"
,,,,,,,,,,,"152","864","CONTAINS","35.0","14.4"
,,,,,,,,,,,"152","878","CONTAINS","30.0","16.0"
,,,,,,,,,,,"153","859","CONTAINS","18.0","20.7"
,,,,,,,,,,,"153","885","CONTAINS","70.0","30.4"
,,,,,,,,,,,"153","894","CONTAINS","20.0","16.8"
,,,,,,,,,,,"153","900","CONTAINS","60.0","17.2"
,,,,,,,,,,,"154","852","CONTAINS","60.0","7.2"
,,,,,,,,,,,"154","892","CONTAINS","65.0","35.1"
,,,,,,,,,,,"155","845","CONTAINS","21.0","13.9"
,,,,,,,,,,,"155","877","CONTAINS","70.0","10.2"
,,,,,,,,,,,"156","855","CONTAINS","30.0","24.9"
,,,,,,,,,,,"156","871","CONTAINS","40.0","11.2"
,,,,,,,,,,,"156","878","CONTAINS","30.0","16.0"
,,,,,,,,,,,"157","832","CONTAINS","50.0","8.0"
,,,,,,,,,,,"158","830","CONTAINS","10.0","14.4"
,,,,,,,,,,,"158","850","CONTAINS","30.0","8.0"
,,,,,,,,,,,"158","857","CONTAINS","42.0","36.4"
,,,,,,,,,,,"158","865","CONTAINS","5.0","15.2"
,,,,,,,,,,,"158","869","CONTAINS","2.0","14.7"
,,,,,,,,,,,"159","840","CONTAINS","30.0","16.8"
,,,,,,,,,,,"159","898","CONTAINS","15.0","28.8"
,,,,,,,,,,,"159","900","CONTAINS","15.0","17.2"
,,,,,,,,,,,"160","866","CONTAINS","10.0","20.8"
,,,,,,,,,,,"160","883","CONTAINS","6.0","5.9"
,,,,,,,,,,,"160","891","CONTAINS","35.0","39.4"
,,,,,,,,,,,"161","843","CONTAINS","12.0","18.6"
,,,,,,,,,,,"161","850","CONTAINS","12.0","8.0"
,,,,,,,,,,,"162","862","CONTAINS","49.0","2.0"
,,,,,,,,,,,"162","888","CONTAINS","16.0","44.0"
,,,,,,,,,,,"163","870","CONTAINS","25.0","7.7"
,,,,,,,,,,,"163","873","CONTAINS","40.0","15.5"
,,,,,,,,,,,"163","888","CONTAINS","9.0","44.0"
,,,,,,,,,,,"164","843","CONTAINS","20.0","18.6"
,,,,,,,,,,,"165","830","CONTAINS","24.0","14.4"
,,,,,,,,,,,"165","891","CONTAINS","40.0","39.4"
,,,,,,,,,,,"165","905","CONTAINS","14.0","14.4"
,,,,,,,,,,,"166","848","CONTAINS","18.0","7.3"
,,,,,,,,,,,"166","862","CONTAINS","50.0","2.0"
,,,,,,,,,,,"167","846","CONTAINS","2.0","31.2"
,,,,,,,,,,,"167","862","CONTAINS","20.0","2.0"
,,,,,,,,,,,"168","848","CONTAINS","20.0","7.3"
,,,,,,,,,,,"168","882","CONTAINS","10.0","26.2"
,,,,,,,,,,,"168","886","CONTAINS","20.0","15.6"
,,,,,,,,,,,"169","867","CONTAINS","50.0","210.8"
,,,,,,,,,,,"169","875","CONTAINS","2.0","9.6"
,,,,,,,,,,,"169","897","CONTAINS","36.0","10.0"
,,,,,,,,,,,"169","906","CONTAINS","35.0","10.4"
,,,,,,,,,,,"170","831","CONTAINS","60.0","15.2"
,,,,,,,,,,,"170","876","CONTAINS","55.0","7.6"
,,,,,,,,,,,"170","890","CONTAINS","16.0","22.8"
,,,,,,,,,,,"170","903","CONTAINS","15.0","8.0"
,,,,,,,,,,,"171","889","CONTAINS","60.0","27.2"
,,,,,,,,,,,"171","898","CONTAINS","20.0","28.8"
,,,,,,,,,,,"172","838","CONTAINS","20.0","77.6"
,,,,,,,,,,,"172","842","CONTAINS","2.0","4.8"
,,,,,,,,,,,"172","899","CONTAINS","8.0","12.0"
,,,,,,,,,,,"172","902","CONTAINS","20.0","12.0"
,,,,,,,,,,,"173","848","CONTAINS","4.0","7.3"
,,,,,,,,,,,"173","855","CONTAINS","30.0","24.9"
,,,,,,,,,,,"173","882","CONTAINS","15.0","26.2"
,,,,,,,,,,,"173","906","CONTAINS","10.0","10.4"
,,,,,,,,,,,"174","855","CONTAINS","2.0","24.9"
,,,,,,,,,,,"175","860","CONTAINS","14.0","10.0"
,,,,,,,,,,,"175","888","CONTAINS","20.0","44.0"
,,,,,,,,,,,"176","864","CONTAINS","60.0","14.4"
,,,,,,,,,,,"176","867","CONTAINS","49.0","210.8"
,,,,,,,,,,,"176","897","CONTAINS","30.0","10.0"
,,,,,,,,,,,"177","884","CONTAINS","10.0","19.2"
,,,,,,,,,,,"177","905","CONTAINS","20.0","14.4"
,,,,,,,,,,,"178","885","CONTAINS","5.0","30.4"
,,,,,,,,,,,"178","893","CONTAINS","7.0","26.6"
,,,,,,,,,,,"179","843","CONTAINS","35.0","18.6"
,,,,,,,,,,,"180","875","CONTAINS","20.0","9.6"
,,,,,,,,,,,"181","879","CONTAINS","40.0","13.0"
,,,,,,,,,,,"181","892","CONTAINS","35.0","35.1"
,,,,,,,,,,,"182","846","CONTAINS","45.0","31.2"
,,,,,,,,,,,"182","850","CONTAINS","50.0","8.0"
,,,,,,,,,,,"182","885","CONTAINS","30.0","30.4"
,,,,,,,,,,,"182","888","CONTAINS","70.0","44.0"
,,,,,,,,,,,"183","846","CONTAINS","50.0","31.2"
,,,,,,,,,,,"183","869","CONTAINS","50.0","14.7"
,,,,,,,,,,,"183","876","CONTAINS","30.0","7.6"
,,,,,,,,,,,"184","855","CONTAINS","10.0","24.9"
,,,,,,,,,,,"184","883","CONTAINS","40.0","5.9"
,,,,,,,,,,,"185","885","CONTAINS","28.0","30.4"
,,,,,,,,,,,"186","840","CONTAINS","6.0","16.8"
,,,,,,,,,,,"186","905","CONTAINS","18.0","14.4"
,,,,,,,,,,,"187","831","CONTAINS","10.0","15.2"
,,,,,,,,,,,"187","851","CONTAINS","12.0","16.8"
,,,,,,,,,,,"187","901","CONTAINS","10.0","27.8"
,,,,,,,,,,,"188","875","CONTAINS","5.0","9.6"
,,,,,,,,,,,"188","885","CONTAINS","40.0","30.4"
,,,,,,,,,,,"188","893","CONTAINS","30.0","26.6"
,,,,,,,,,,,"188","904","CONTAINS","24.0","6.2"
,,,,,,,,,,,"189","882","CONTAINS","15.0","26.2"
,,,,,,,,,,,"190","848","CONTAINS","15.0","7.3"
,,,,,,,,,,,"190","863","CONTAINS","20.0","11.2"
,,,,,,,,,,,"190","886","CONTAINS","15.0","15.6"
,,,,,,,,,,,"191","841","CONTAINS","15.0","30.4"
,,,,,,,,,,,"191","845","CONTAINS","16.0","13.9"
,,,,,,,,,,,"191","893","CONTAINS","6.0","26.6"
,,,,,,,,,,,"191","903","CONTAINS","30.0","8.0"
,,,,,,,,,,,"192","831","CONTAINS","45.0","15.2"
,,,,,,,,,,,"192","845","CONTAINS","49.0","13.9"
,,,,,,,,,,,"192","858","CONTAINS","24.0","99.0"
,,,,,,,,,,,"192","890","CONTAINS","90.0","22.8"
,,,,,,,,,,,"193","856","CONTAINS","50.0","35.1"
,,,,,,,,,,,"194","840","CONTAINS","30.0","16.8"
,,,,,,,,,,,"194","883","CONTAINS","80.0","5.9"
,,,,,,,,,,,"194","895","CONTAINS","60.0","13.6"
,,,,,,,,,,,"195","840","CONTAINS","6.0","16.8"
,,,,,,,,,,,"195","857","CONTAINS","12.0","36.4"
,,,,,,,,,,,"196","846","CONTAINS","10.0","31.2"
,,,,,,,,,,,"196","855","CONTAINS","15.0","24.9"
,,,,,,,,,,,"196","864","CONTAINS","8.0","14.4"
,,,,,,,,,,,"196","870","CONTAINS","30.0","7.7"
,,,,,,,,,,,"197","868","CONTAINS","6.0","14.4"
,,,,,,,,,,,"197","883","CONTAINS","15.0","5.9"
,,,,,,,,,,,"198","848","CONTAINS","12.0","7.3"
,,,,,,,,,,,"198","853","CONTAINS","20.0","3.6"
,,,,,,,,,,,"198","860","CONTAINS","3.0","10.0"
,,,,,,,,,,,"198","881","CONTAINS","15.0","5.6"
,,,,,,,,,,,"199","848","CONTAINS","40.0","7.3"
,,,,,,,,,,,"199","894","CONTAINS","35.0","16.8"
,,,,,,,,,,,"199","900","CONTAINS","2.0","17.2"
,,,,,,,,,,,"200","855","CONTAINS","6.0","24.9"
,,,,,,,,,,,"200","869","CONTAINS","20.0","14.7"
,,,,,,,,,,,"201","839","CONTAINS","14.0","24.8"
,,,,,,,,,,,"201","881","CONTAINS","20.0","5.6"
,,,,,,,,,,,"201","891","CONTAINS","35.0","39.4"
,,,,,,,,,,,"202","839","CONTAINS","20.0","24.8"
,,,,,,,,,,,"202","883","CONTAINS","6.0","5.9"
,,,,,,,,,,,"203","884","CONTAINS","120.0","19.2"
,,,,,,,,,,,"203","893","CONTAINS","35.0","26.6"
,,,,,,,,,,,"203","894","CONTAINS","28.0","16.8"
,,,,,,,,,,,"203","906","CONTAINS","55.0","10.4"
,,,,,,,,,,,"204","857","CONTAINS","15.0","36.4"
,,,,,,,,,,,"204","873","CONTAINS","100.0","15.5"
,,,,,,,,,,,"205","877","CONTAINS","15.0","10.2"
,,,,,,,,,,,"205","899","CONTAINS","25.0","12.0"
,,,,,,,,,,,"206","845","CONTAINS","20.0","13.9"
,,,,,,,,,,,"206","862","CONTAINS","20.0","2.0"
,,,,,,,,,,,"206","875","CONTAINS","10.0","9.6"
,,,,,,,,,,,"207","868","CONTAINS","20.0","14.4"
,,,,,,,,,,,"207","882","CONTAINS","50.0","26.2"
,,,,,,,,,,,"207","890","CONTAINS","25.0","22.8"
,,,,,,,,,,,"207","900","CONTAINS","30.0","17.2"
,,,,,,,,,,,"208","850","CONTAINS","40.0","8.0"
,,,,,,,,,,,"208","878","CONTAINS","21.0","16.0"
,,,,,,,,,,,"209","888","CONTAINS","36.0","44.0"
,,,,,,,,,,,"210","855","CONTAINS","30.0","24.9"
,,,,,,,,,,,"210","857","CONTAINS","30.0","36.4"
,,,,,,,,,,,"210","872","CONTAINS","20.0","36.8"
,,,,,,,,,,,"210","885","CONTAINS","15.0","30.4"
,,,,,,,,,,,"210","900","CONTAINS","50.0","17.2"
,,,,,,,,,,,"211","836","CONTAINS","16.0","24.0"
,,,,,,,,,,,"211","875","CONTAINS","20.0","9.6"
,,,,,,,,,,,"211","901","CONTAINS","40.0","27.8"
,,,,,,,,,,,"212","897","CONTAINS","21.0","10.0"
,,,,,,,,,,,"212","904","CONTAINS","4.0","6.2"
,,,,,,,,,,,"213","850","CONTAINS","40.0","8.0"
,,,,,,,,,,,"213","859","CONTAINS","28.0","20.7"
,,,,,,,,,,,"213","884","CONTAINS","60.0","19.2"
,,,,,,,,,,,"214","842","CONTAINS","1.0","4.8"
,,,,,,,,,,,"214","852","CONTAINS","21.0","7.2"
,,,,,,,,,,,"215","848","CONTAINS","21.0","7.3"
,,,,,,,,,,,"215","871","CONTAINS","50.0","11.2"
,,,,,,,,,,,"216","833","CONTAINS","16.0","17.6"
,,,,,,,,,,,"216","872","CONTAINS","3.0","36.8"
,,,,,,,,,,,"216","885","CONTAINS","30.0","30.4"
,,,,,,,,,,,"216","889","CONTAINS","20.0","27.2"
,,,,,,,,,,,"217","853","CONTAINS","25.0","3.6"
,,,,,,,,,,,"217","858","CONTAINS","18.0","99.0"
,,,,,,,,,,,"217","869","CONTAINS","20.0","14.7"
,,,,,,,,,,,"217","874","CONTAINS","30.0","7.6"
,,,,,,,,,,,"217","879","CONTAINS","25.0","13.0"
,,,,,,,,,,,"218","840","CONTAINS","10.0","16.8"
,,,,,,,,,,,"218","875","CONTAINS","5.0","9.6"
,,,,,,,,,,,"219","853","CONTAINS","28.0","3.6"
,,,,,,,,,,,"219","854","CONTAINS","12.0","11.2"
,,,,,,,,,,,"220","859","CONTAINS","8.0","20.7"
,,,,,,,,,,,"220","872","CONTAINS","15.0","36.8"
,,,,,,,,,,,"221","831","CONTAINS","40.0","15.2"
,,,,,,,,,,,"221","845","CONTAINS","35.0","13.9"
,,,,,,,,,,,"221","873","CONTAINS","2.0","15.5"
,,,,,,,,,,,"222","847","CONTAINS","30.0","50.0"
,,,,,,,,,,,"222","852","CONTAINS","15.0","7.2"
,,,,,,,,,,,"222","893","CONTAINS","8.0","26.6"
,,,,,,,,,,,"223","836","CONTAINS","30.0","24.0"
,,,,,,,,,,,"223","885","CONTAINS","20.0","30.4"
,,,,,,,,,,,"224","853","CONTAINS","80.0","3.6"
,,,,,,,,,,,"224","880","CONTAINS","18.0","42.4"
,,,,,,,,,,,"225","862","CONTAINS","12.0","2.0"
,,,,,,,,,,,"225","900","CONTAINS","12.0","17.2"
,,,,,,,,,,,"226","843","CONTAINS","12.0","18.6"
,,,,,,,,,,,"226","857","CONTAINS","18.0","36.4"
,,,,,,,,,,,"226","869","CONTAINS","21.0","14.7"
,,,,,,,,,,,"226","904","CONTAINS","10.0","6.2"
,,,,,,,,,,,"227","860","CONTAINS","35.0","10.0"
,,,,,,,,,,,"227","895","CONTAINS","60.0","13.6"
,,,,,,,,,,,"227","905","CONTAINS","42.0","14.4"
,,,,,,,,,,,"228","884","CONTAINS","2.0","19.2"
,,,,,,,,,,,"228","899","CONTAINS","12.0","12.0"
,,,,,,,,,,,"229","830","CONTAINS","15.0","14.4"
,,,,,,,,,,,"229","850","CONTAINS","21.0","8.0"
,,,,,,,,,,,"229","868","CONTAINS","20.0","14.4"
,,,,,,,,,,,"230","839","CONTAINS","20.0","24.8"
,,,,,,,,,,,"231","867","CONTAINS","30.0","210.8"
,,,,,,,,,,,"231","882","CONTAINS","28.0","26.2"
,,,,,,,,,,,"231","888","CONTAINS","60.0","44.0"
,,,,,,,,,,,"231","893","CONTAINS","30.0","26.6"
,,,,,,,,,,,"232","876","CONTAINS","30.0","7.6"
,,,,,,,,,,,"232","888","CONTAINS","12.0","44.0"
,,,,,,,,,,,"233","878","CONTAINS","24.0","16.0"
,,,,,,,,,,,"233","889","CONTAINS","40.0","27.2"
,,,,,,,,,,,"234","869","CONTAINS","10.0","14.7"
,,,,,,,,,,,"235","863","CONTAINS","35.0","11.2"
,,,,,,,,,,,"235","906","CONTAINS","30.0","10.4"
,,,,,,,,,,,"236","850","CONTAINS","14.0","8.0"
,,,,,,,,,,,"236","869","CONTAINS","10.0","14.7"
,,,,,,,,,,,"236","880","CONTAINS","3.0","42.4"
,,,,,,,,,,,"237","831","CONTAINS","20.0","15.2"
,,,,,,,,,,,"237","832","CONTAINS","20.0","8.0"
,,,,,,,,,,,"237","884","CONTAINS","30.0","19.2"
,,,,,,,,,,,"237","899","CONTAINS","60.0","12.0"
,,,,,,,,,,,"238","840","CONTAINS","5.0","16.8"
,,,,,,,,,,,"238","880","CONTAINS","25.0","42.4"
,,,,,,,,,,,"238","903","CONTAINS","16.0","8.0"
,,,,,,,,,,,"239","848","CONTAINS","5.0","7.3"
,,,,,,,,,,,"239","855","CONTAINS","30.0","24.9"
,,,,,,,,,,,"239","883","CONTAINS","24.0","5.9"
,,,,,,,,,,,"240","888","CONTAINS","30.0","44.0"
,,,,,,,,,,,"240","902","CONTAINS","20.0","12.0"
,,,,,,,,,,,"241","840","CONTAINS","15.0","16.8"
,,,,,,,,,,,"241","845","CONTAINS","18.0","13.9"
,,,,,,,,,,,"242","888","CONTAINS","60.0","44.0"
,,,,,,,,,,,"242","897","CONTAINS","30.0","10.0"
,,,,,,,,,,,"242","904","CONTAINS","36.0","6.2"
,,,,,,,,,,,"243","873","CONTAINS","15.0","15.5"
,,,,,,,,,,,"243","906","CONTAINS","7.0","10.4"
,,,,,,,,,,,"244","854","CONTAINS","60.0","11.2"
,,,,,,,,,,,"244","871","CONTAINS","20.0","11.2"
,,,,,,,,,,,"245","894","CONTAINS","15.0","16.8"
,,,,,,,,,,,"245","895","CONTAINS","10.0","13.6"
,,,,,,,,,,,"245","898","CONTAINS","10.0","28.8"
,,,,,,,,,,,"246","885","CONTAINS","30.0","30.4"
,,,,,,,,,,,"247","852","CONTAINS","10.0","7.2"
,,,,,,,,,,,"247","870","CONTAINS","20.0","7.7"
,,,,,,,,,,,"247","906","CONTAINS","5.0","10.4"
,,,,,,,,,,,"248","860","CONTAINS","20.0","10.0"
,,,,,,,,,,,"249","885","CONTAINS","14.0","30.4"
,,,,,,,,,,,"249","901","CONTAINS","25.0","27.8"
,,,,,,,,,,,"249","906","CONTAINS","25.0","10.4"
,,,,,,,,,,,"250","853","CONTAINS","14.0","4.5"
,,,,,,,,,,,"250","869","CONTAINS","5.0","18.4"
,,,,,,,,,,,"250","871","CONTAINS","30.0","14.0"
,,,,,,,,,,,"251","857","CONTAINS","20.0","45.6"
,,,,,,,,,,,"251","878","CONTAINS","25.0","20.0"
,,,,,,,,,,,"252","844","CONTAINS","12.0","15.5"
,,,,,,,,,,,"252","857","CONTAINS","8.0","45.6"
,,,,,,,,,,,"253","883","CONTAINS","20.0","7.45"
,,,,,,,,,,,"254","874","CONTAINS","21.0","9.5"
,,,,,,,,,,,"254","882","CONTAINS","6.0","32.8"
,,,,,,,,,,,"254","896","CONTAINS","30.0","14.0"
,,,,,,,,,,,"255","843","CONTAINS","70.0","23.25"
,,,,,,,,,,,"255","894","CONTAINS","20.0","21.05"
,,,,,,,,,,,"256","831","CONTAINS","12.0","19.0"
,,,,,,,,,,,"256","850","CONTAINS","12.0","10.0"
,,,,,,,,,,,"256","882","CONTAINS","10.0","32.8"
,,,,,,,,,,,"256","890","CONTAINS","25.0","28.5"
,,,,,,,,,,,"257","891","CONTAINS","3.0","49.3"
,,,,,,,,,,,"258","854","CONTAINS","18.0","14.0"
,,,,,,,,,,,"258","899","CONTAINS","14.0","15.0"
,,,,,,,,,,,"259","872","CONTAINS","15.0","46.0"
,,,,,,,,,,,"259","877","CONTAINS","15.0","12.75"
,,,,,,,,,,,"260","842","CONTAINS","10.0","6.0"
,,,,,,,,,,,"260","868","CONTAINS","10.0","18.0"
,,,,,,,,,,,"261","857","CONTAINS","3.0","45.6"
,,,,,,,,,,,"262","858","CONTAINS","36.0","123.79"
,,,,,,,,,,,"262","904","CONTAINS","36.0","7.75"
,,,,,,,,,,,"263","833","CONTAINS","50.0","22.0"
,,,,,,,,,,,"263","836","CONTAINS","50.0","30.0"
,,,,,,,,,,,"263","837","CONTAINS","10.0","40.0"
,,,,,,,,,,,"264","853","CONTAINS","10.0","4.5"
,,,,,,,,,,,"264","875","CONTAINS","9.0","12.0"
,,,,,,,,,,,"264","876","CONTAINS","6.0","9.5"
,,,,,,,,,,,"264","889","CONTAINS","12.0","34.0"
,,,,,,,,,,,"265","850","CONTAINS","40.0","10.0"
,,,,,,,,,,,"265","861","CONTAINS","50.0","32.0"
,,,,,,,,,,,"265","890","CONTAINS","15.0","28.5"
,,,,,,,,,,,"266","849","CONTAINS","39.0","81.0"
,,,,,,,,,,,"266","857","CONTAINS","35.0","45.6"
,,,,,,,,,,,"266","885","CONTAINS","70.0","38.0"
,,,,,,,,,,,"266","894","CONTAINS","39.0","21.05"
,,,,,,,,,,,"266","904","CONTAINS","50.0","7.75"
,,,,,,,,,,,"267","838","CONTAINS","16.0","97.0"
,,,,,,,,,,,"267","845","CONTAINS","50.0","17.45"
,,,,,,,,,,,"267","856","CONTAINS","120.0","43.9"
,,,,,,,,,,,"267","862","CONTAINS","16.0","2.5"
,,,,,,,,,,,"267","889","CONTAINS","84.0","34.0"
,,,,,,,,,,,"268","847","CONTAINS","25.0","62.5"
,,,,,,,,,,,"268","870","CONTAINS","80.0","9.65"
,,,,,,,,,,,"268","871","CONTAINS","20.0","14.0"
,,,,,,,,,,,"269","881","CONTAINS","6.0","7.0"
,,,,,,,,,,,"269","888","CONTAINS","4.0","55.0"
,,,,,,,,,,,"269","899","CONTAINS","6.0","15.0"
,,,,,,,,,,,"270","853","CONTAINS","5.0","4.5"
,,,,,,,,,,,"270","867","CONTAINS","15.0","263.5"
,,,,,,,,,,,"270","873","CONTAINS","9.0","19.45"
,,,,,,,,,,,"271","839","CONTAINS","16.0","31.0"
,,,,,,,,,,,"271","885","CONTAINS","40.0","38.0"
,,,,,,,,,,,"271","889","CONTAINS","10.0","34.0"
,,,,,,,,,,,"272","853","CONTAINS","8.0","4.5"
,,,,,,,,,,,"272","882","CONTAINS","5.0","32.8"
,,,,,,,,,,,"273","864","CONTAINS","3.0","18.0"
,,,,,,,,,,,"273","870","CONTAINS","10.0","9.65"
,,,,,,,,,,,"273","897","CONTAINS","6.0","12.5"
,,,,,,,,,,,"274","830","CONTAINS","40.0","18.0"
,,,,,,,,,,,"274","837","CONTAINS","24.0","40.0"
,,,,,,,,,,,"274","859","CONTAINS","20.0","25.89"
,,,,,,,,,,,"274","869","CONTAINS","25.0","18.4"
,,,,,,,,,,,"275","846","CONTAINS","25.0","39.0"
,,,,,,,,,,,"275","849","CONTAINS","15.0","81.0"
,,,,,,,,,,,"275","866","CONTAINS","18.0","26.0"
,,,,,,,,,,,"275","870","CONTAINS","6.0","9.65"
,,,,,,,,,,,"276","839","CONTAINS","2.0","31.0"
,,,,,,,,,,,"276","859","CONTAINS","10.0","25.89"
,,,,,,,,,,,"276","872","CONTAINS","60.0","46.0"
,,,,,,,,,,,"276","883","CONTAINS","15.0","7.45"
,,,,,,,,,,,"277","865","CONTAINS","30.0","19.0"
,,,,,,,,,,,"277","869","CONTAINS","15.0","18.4"
,,,,,,,,,,,"278","830","CONTAINS","8.0","18.0"
,,,,,,,,,,,"278","842","CONTAINS","10.0","6.0"
,,,,,,,,,,,"278","885","CONTAINS","30.0","38.0"
,,,,,,,,,,,"279","833","CONTAINS","50.0","22.0"
,,,,,,,,,,,"279","865","CONTAINS","30.0","19.0"
,,,,,,,,,,,"280","840","CONTAINS","3.0","21.0"
,,,,,,,,,,,"280","862","CONTAINS","8.0","2.5"
,,,,,,,,,,,"280","901","CONTAINS","9.0","34.8"
,,,,,,,,,,,"281","884","CONTAINS","14.0","24.0"
,,,,,,,,,,,"281","897","CONTAINS","20.0","12.5"
,,,,,,,,,,,"281","898","CONTAINS","10.0","36.0"
,,,,,,,,,,,"282","846","CONTAINS","40.0","39.0"
,,,,,,,,,,,"282","872","CONTAINS","25.0","46.0"
,,,,,,,,,,,"282","890","CONTAINS","20.0","28.5"
,,,,,,,,,,,"282","905","CONTAINS","50.0","18.0"
,,,,,,,,,,,"283","888","CONTAINS","2.0","55.0"
,,,,,,,,,,,"284","859","CONTAINS","15.0","25.89"
,,,,,,,,,,,"284","895","CONTAINS","24.0","17.0"
,,,,,,,,,,,"285","833","CONTAINS","50.0","22.0"
,,,,,,,,,,,"285","901","CONTAINS","24.0","34.8"
,,,,,,,,,,,"285","902","CONTAINS","24.0","15.0"
,,,,,,,,,,,"286","859","CONTAINS","10.0","25.89"
,,,,,,,,,,,"286","869","CONTAINS","10.0","18.4"
,,,,,,,,,,,"286","883","CONTAINS","10.0","7.45"
,,,,,,,,,,,"287","840","CONTAINS","50.0","21.0"
,,,,,,,,,,,"287","869","CONTAINS","10.0","18.4"
,,,,,,,,,,,"287","886","CONTAINS","5.0","19.5"
,,,,,,,,,,,"287","888","CONTAINS","15.0","55.0"
,,,,,,,,,,,"288","841","CONTAINS","15.0","38.0"
,,,,,,,,,,,"288","860","CONTAINS","20.0","12.5"
,,,,,,,,,,,"288","862","CONTAINS","30.0","2.5"
,,,,,,,,,,,"288","889","CONTAINS","35.0","34.0"
,,,,,,,,,,,"289","860","CONTAINS","30.0","12.5"
,,,,,,,,,,,"289","880","CONTAINS","6.0","53.0"
,,,,,,,,,,,"289","887","CONTAINS","20.0","13.25"
,,,,,,,,,,,"289","901","CONTAINS","21.0","34.8"
,,,,,,,,,,,"289","902","CONTAINS","9.0","15.0"
,,,,,,,,,,,"290","899","CONTAINS","7.0","15.0"
,,,,,,,,,,,"290","901","CONTAINS","1.0","34.8"
,,,,,,,,,,,"291","842","CONTAINS","8.0","6.0"
,,,,,,,,,,,"291","850","CONTAINS","15.0","10.0"
,,,,,,,,,,,"291","862","CONTAINS","15.0","2.5"
,,,,,,,,,,,"291","878","CONTAINS","6.0","20.0"
,,,,,,,,,,,"292","832","CONTAINS","60.0","10.0"
,,,,,,,,,,,"292","855","CONTAINS","40.0","31.23"
,,,,,,,,,,,"292","867","CONTAINS","30.0","263.5"
,,,,,,,,,,,"292","897","CONTAINS","35.0","12.5"
,,,,,,,,,,,"293","853","CONTAINS","35.0","4.5"
,,,,,,,,,,,"293","867","CONTAINS","4.0","263.5"
,,,,,,,,,,,"293","894","CONTAINS","36.0","21.05"
,,,,,,,,,,,"293","900","CONTAINS","9.0","21.5"
,,,,,,,,,,,"294","840","CONTAINS","15.0","21.0"
,,,,,,,,,,,"294","883","CONTAINS","24.0","7.45"
,,,,,,,,,,,"295","841","CONTAINS","30.0","38.0"
,,,,,,,,,,,"295","852","CONTAINS","70.0","9.0"
,,,,,,,,,,,"296","857","CONTAINS","7.0","45.6"
,,,,,,,,,,,"296","896","CONTAINS","7.0","14.0"
,,,,,,,,,,,"297","840","CONTAINS","10.0","21.0"
,,,,,,,,,,,"298","836","CONTAINS","10.0","30.0"
,,,,,,,,,,,"298","864","CONTAINS","30.0","18.0"
,,,,,,,,,,,"298","891","CONTAINS","40.0","49.3"
,,,,,,,,,,,"299","861","CONTAINS","24.0","32.0"
,,,,,,,,,,,"299","865","CONTAINS","60.0","19.0"
,,,,,,,,,,,"300","863","CONTAINS","10.0","14.0"
,,,,,,,,,,,"300","870","CONTAINS","14.0","9.65"
,,,,,,,,,,,"301","860","CONTAINS","55.0","12.5"
,,,,,,,,,,,"301","874","CONTAINS","100.0","9.5"
,,,,,,,,,,,"301","880","CONTAINS","48.0","53.0"
,,,,,,,,,,,"302","846","CONTAINS","8.0","39.0"
,,,,,,,,,,,"302","848","CONTAINS","10.0","9.2"
,,,,,,,,,,,"302","850","CONTAINS","6.0","10.0"
,,,,,,,,,,,"302","890","CONTAINS","10.0","28.5"
,,,,,,,,,,,"303","845","CONTAINS","40.0","17.45"
,,,,,,,,,,,"303","864","CONTAINS","20.0","18.0"
,,,,,,,,,,,"303","873","CONTAINS","40.0","19.45"
,,,,,,,,,,,"304","898","CONTAINS","18.0","36.0"
,,,,,,,,,,,"304","904","CONTAINS","30.0","7.75"
,,,,,,,,,,,"305","840","CONTAINS","15.0","21.0"
,,,,,,,,,,,"305","845","CONTAINS","14.0","17.45"
,,,,,,,,,,,"305","851","CONTAINS","24.0","21.0"
,,,,,,,,,,,"305","860","CONTAINS","30.0","12.5"
,,,,,,,,,,,"305","864","CONTAINS","6.0","18.0"
,,,,,,,,,,,"306","845","CONTAINS","30.0","17.45"
,,,,,,,,,,,"306","852","CONTAINS","20.0","9.0"
,,,,,,,,,,,"306","891","CONTAINS","20.0","49.3"
,,,,,,,,,,,"306","906","CONTAINS","10.0","13.0"
,,,,,,,,,,,"307","843","CONTAINS","30.0","23.25"
,,,,,,,,,,,"307","848","CONTAINS","35.0","9.2"
,,,,,,,,,,,"307","853","CONTAINS","18.0","4.5"
,,,,,,,,,,,"307","880","CONTAINS","20.0","53.0"
,,,,,,,,,,,"307","885","CONTAINS","40.0","38.0"
,,,,,,,,,,,"308","901","CONTAINS","24.0","34.8"
,,,,,,,,,,,"309","893","CONTAINS","30.0","33.25"
,,,,,,,,,,,"309","904","CONTAINS","20.0","7.75"
,,,,,,,,,,,"310","876","CONTAINS","25.0","9.5"
,,,,,,,,,,,"310","880","CONTAINS","20.0","53.0"
,,,,,,,,,,,"310","881","CONTAINS","30.0","7.0"
,,,,,,,,,,,"310","882","CONTAINS","18.0","32.8"
,,,,,,,,,,,"310","902","CONTAINS","3.0","15.0"
,,,,,,,,,,,"311","870","CONTAINS","12.0","9.65"
,,,,,,,,,,,"311","884","CONTAINS","18.0","24.0"
,,,,,,,,,,,"312","859","CONTAINS","20.0","25.89"
,,,,,,,,,,,"312","891","CONTAINS","15.0","49.3"
,,,,,,,,,,,"313","873","CONTAINS","10.0","19.45"
,,,,,,,,,,,"313","880","CONTAINS","50.0","53.0"
,,,,,,,,,,,"314","862","CONTAINS","20.0","2.5"
,,,,,,,,,,,"314","891","CONTAINS","10.0","49.3"
,,,,,,,,,,,"315","865","CONTAINS","25.0","19.0"
,,,,,,,,,,,"315","881","CONTAINS","70.0","7.0"
,,,,,,,,,,,"316","846","CONTAINS","16.0","39.0"
,,,,,,,,,,,"316","860","CONTAINS","6.0","12.5"
,,,,,,,,,,,"316","884","CONTAINS","25.0","24.0"
,,,,,,,,,,,"317","853","CONTAINS","25.0","4.5"
,,,,,,,,,,,"317","893","CONTAINS","18.0","33.25"
,,,,,,,,,,,"318","840","CONTAINS","35.0","21.0"
,,,,,,,,,,,"318","847","CONTAINS","18.0","62.5"
,,,,,,,,,,,"318","905","CONTAINS","10.0","18.0"
,,,,,,,,,,,"319","860","CONTAINS","60.0","12.5"
,,,,,,,,,,,"319","880","CONTAINS","3.0","53.0"
,,,,,,,,,,,"319","888","CONTAINS","40.0","55.0"
,,,,,,,,,,,"320","839","CONTAINS","5.0","31.0"
,,,,,,,,,,,"321","860","CONTAINS","35.0","12.5"
,,,,,,,,,,,"321","905","CONTAINS","30.0","18.0"
,,,,,,,,,,,"322","840","CONTAINS","15.0","21.0"
,,,,,,,,,,,"322","885","CONTAINS","60.0","38.0"
,,,,,,,,,,,"323","843","CONTAINS","11.0","23.25"
,,,,,,,,,,,"323","871","CONTAINS","28.0","14.0"
,,,,,,,,,,,"324","845","CONTAINS","12.0","17.45"
,,,,,,,,,,,"324","861","CONTAINS","10.0","32.0"
,,,,,,,,,,,"324","869","CONTAINS","50.0","18.4"
,,,,,,,,,,,"324","904","CONTAINS","15.0","7.75"
,,,,,,,,,,,"325","846","CONTAINS","18.0","39.0"
,,,,,,,,,,,"325","863","CONTAINS","40.0","14.0"
,,,,,,,,,,,"325","882","CONTAINS","25.0","32.8"
,,,,,,,,,,,"326","862","CONTAINS","14.0","2.5"
,,,,,,,,,,,"326","869","CONTAINS","2.0","18.4"
,,,,,,,,,,,"326","891","CONTAINS","10.0","49.3"
,,,,,,,,,,,"326","893","CONTAINS","6.0","33.25"
,,,,,,,,,,,"327","888","CONTAINS","12.0","55.0"
,,,,,,,,,,,"327","892","CONTAINS","6.0","43.9"
,,,,,,,,,,,"327","901","CONTAINS","30.0","34.8"
,,,,,,,,,,,"327","905","CONTAINS","10.0","18.0"
,,,,,,,,,,,"328","830","CONTAINS","10.0","18.0"
,,,,,,,,,,,"328","860","CONTAINS","20.0","12.5"
,,,,,,,,,,,"328","873","CONTAINS","21.0","19.45"
,,,,,,,,,,,"329","868","CONTAINS","10.0","18.0"
,,,,,,,,,,,"329","904","CONTAINS","20.0","7.75"
,,,,,,,,,,,"329","906","CONTAINS","18.0","13.0"
,,,,,,,,,,,"330","864","CONTAINS","20.0","18.0"
,,,,,,,,,,,"330","886","CONTAINS","6.0","19.5"
,,,,,,,,,,,"331","844","CONTAINS","10.0","15.5"
,,,,,,,,,,,"331","904","CONTAINS","21.0","7.75"
,,,,,,,,,,,"332","843","CONTAINS","15.0","23.25"
,,,,,,,,,,,"332","870","CONTAINS","9.0","9.65"
,,,,,,,,,,,"332","894","CONTAINS","30.0","21.05"
,,,,,,,,,,,"333","904","CONTAINS","50.0","7.75"
,,,,,,,,,,,"334","886","CONTAINS","4.0","19.5"
,,,,,,,,,,,"334","905","CONTAINS","14.0","18.0"
,,,,,,,,,,,"335","858","CONTAINS","10.0","123.79"
,,,,,,,,,,,"335","889","CONTAINS","24.0","34.0"
,,,,,,,,,,,"335","898","CONTAINS","10.0","36.0"
,,,,,,,,,,,"336","860","CONTAINS","50.0","12.5"
,,,,,,,,,,,"337","876","CONTAINS","15.0","9.5"
,,,,,,,,,,,"338","881","CONTAINS","4.0","7.0"
,,,,,,,,,,,"339","855","CONTAINS","6.0","31.23"
,,,,,,,,,,,"339","864","CONTAINS","20.0","18.0"
,,,,,,,,,,,"339","906","CONTAINS","20.0","13.0"
,,,,,,,,,,,"340","847","CONTAINS","40.0","62.5"
,,,,,,,,,,,"340","871","CONTAINS","100.0","14.0"
,,,,,,,,,,,"341","864","CONTAINS","4.0","18.0"
,,,,,,,,,,,"342","830","CONTAINS","20.0","18.0"
,,,,,,,,,,,"342","906","CONTAINS","60.0","13.0"
,,,,,,,,,,,"343","832","CONTAINS","14.0","10.0"
,,,,,,,,,,,"343","836","CONTAINS","10.0","30.0"
,,,,,,,,,,,"343","883","CONTAINS","50.0","7.45"
,,,,,,,,,,,"344","844","CONTAINS","25.0","15.5"
,,,,,,,,,,,"344","855","CONTAINS","5.0","31.23"
,,,,,,,,,,,"345","849","CONTAINS","21.0","81.0"
,,,,,,,,,,,"345","898","CONTAINS","20.0","36.0"
,,,,,,,,,,,"345","905","CONTAINS","4.0","18.0"
,,,,,,,,,,,"346","881","CONTAINS","24.0","7.0"
,,,,,,,,,,,"346","887","CONTAINS","30.0","13.25"
,,,,,,,,,,,"347","864","CONTAINS","30.0","18.0"
,,,,,,,,,,,"347","890","CONTAINS","120.0","28.5"
,,,,,,,,,,,"347","898","CONTAINS","65.0","36.0"
,,,,,,,,,,,"348","885","CONTAINS","5.0","38.0"
,,,,,,,,,,,"348","892","CONTAINS","24.0","43.9"
,,,,,,,,,,,"348","904","CONTAINS","30.0","7.75"
,,,,,,,,,,,"349","853","CONTAINS","35.0","4.5"
,,,,,,,,,,,"349","886","CONTAINS","20.0","19.5"
,,,,,,,,,,,"349","894","CONTAINS","12.0","21.05"
,,,,,,,,,,,"350","856","CONTAINS","50.0","43.9"
,,,,,,,,,,,"350","900","CONTAINS","9.0","21.5"
,,,,,,,,,,,"351","891","CONTAINS","10.0","49.3"
,,,,,,,,,,,"352","883","CONTAINS","4.0","7.45"
,,,,,,,,,,,"352","902","CONTAINS","30.0","15.0"
,,,,,,,,,,,"353","842","CONTAINS","60.0","6.0"
,,,,,,,,,,,"353","888","CONTAINS","35.0","55.0"
,,,,,,,,,,,"354","906","CONTAINS","5.0","13.0"
,,,,,,,,,,,"355","851","CONTAINS","48.0","21.0"
,,,,,,,,,,,"355","878","CONTAINS","25.0","20.0"
,,,,,,,,,,,"356","877","CONTAINS","6.0","12.75"
,,,,,,,,,,,"356","905","CONTAINS","10.0","18.0"
,,,,,,,,,,,"357","845","CONTAINS","30.0","17.45"
,,,,,,,,,,,"357","888","CONTAINS","20.0","55.0"
,,,,,,,,,,,"357","889","CONTAINS","70.0","34.0"
,,,,,,,,,,,"357","900","CONTAINS","15.0","21.5"
,,,,,,,,,,,"358","833","CONTAINS","20.0","22.0"
,,,,,,,,,,,"358","884","CONTAINS","20.0","24.0"
,,,,,,,,,,,"358","891","CONTAINS","10.0","49.3"
,,,,,,,,,,,"359","836","CONTAINS","45.0","30.0"
,,,,,,,,,,,"359","846","CONTAINS","100.0","39.0"
,,,,,,,,,,,"359","862","CONTAINS","14.0","2.5"
,,,,,,,,,,,"359","869","CONTAINS","42.0","18.4"
,,,,,,,,,,,"359","901","CONTAINS","12.0","34.8"
,,,,,,,,,,,"360","885","CONTAINS","28.0","38.0"
,,,,,,,,,,,"361","830","CONTAINS","3.0","18.0"
,,,,,,,,,,,"361","839","CONTAINS","10.0","31.0"
,,,,,,,,,,,"361","850","CONTAINS","6.0","10.0"
,,,,,,,,,,,"362","865","CONTAINS","21.0","19.0"
,,,,,,,,,,,"363","830","CONTAINS","6.0","18.0"
,,,,,,,,,,,"363","831","CONTAINS","10.0","19.0"
,,,,,,,,,,,"363","889","CONTAINS","15.0","34.0"
,,,,,,,,,,,"364","839","CONTAINS","70.0","31.0"
,,,,,,,,,,,"364","865","CONTAINS","55.0","19.0"
,,,,,,,,,,,"364","878","CONTAINS","18.0","20.0"
,,,,,,,,,,,"364","889","CONTAINS","40.0","34.0"
,,,,,,,,,,,"364","905","CONTAINS","80.0","18.0"
,,,,,,,,,,,"365","842","CONTAINS","8.0","6.0"
,,,,,,,,,,,"365","904","CONTAINS","40.0","7.75"
,,,,,,,,,,,"366","840","CONTAINS","14.0","21.0"
,,,,,,,,,,,"366","850","CONTAINS","8.0","10.0"
,,,,,,,,,,,"366","868","CONTAINS","5.0","18.0"
,,,,,,,,,,,"367","884","CONTAINS","5.0","24.0"
,,,,,,,,,,,"368","867","CONTAINS","15.0","263.5"
,,,,,,,,,,,"368","885","CONTAINS","14.0","38.0"
,,,,,,,,,,,"368","899","CONTAINS","15.0","15.0"
,,,,,,,,,,,"368","900","CONTAINS","15.0","21.5"
,,,,,,,,,,,"369","888","CONTAINS","30.0","55.0"
,,,,,,,,,,,"370","835","CONTAINS","70.0","25.0"
,,,,,,,,,,,"370","885","CONTAINS","20.0","38.0"
,,,,,,,,,,,"370","897","CONTAINS","15.0","12.5"
,,,,,,,,,,,"371","850","CONTAINS","42.0","10.0"
,,,,,,,,,,,"371","851","CONTAINS","40.0","21.0"
,,,,,,,,,,,"372","853","CONTAINS","5.0","4.5"
,,,,,,,,,,,"372","881","CONTAINS","5.0","7.0"
,,,,,,,,,,,"373","848","CONTAINS","5.0","9.2"
,,,,,,,,,,,"373","852","CONTAINS","10.0","9.0"
,,,,,,,,,,,"373","899","CONTAINS","20.0","15.0"
,,,,,,,,,,,"373","900","CONTAINS","15.0","21.5"
,,,,,,,,,,,"374","831","CONTAINS","20.0","19.0"
,,,,,,,,,,,"374","897","CONTAINS","18.0","12.5"
,,,,,,,,,,,"375","843","CONTAINS","21.0","23.25"
,,,,,,,,,,,"375","848","CONTAINS","15.0","9.2"
,,,,,,,,,,,"375","850","CONTAINS","25.0","10.0"
,,,,,,,,,,,"375","853","CONTAINS","3.0","4.5"
,,,,,,,,,,,"375","864","CONTAINS","30.0","18.0"
,,,,,,,,,,,"376","857","CONTAINS","10.0","45.6"
,,,,,,,,,,,"376","858","CONTAINS","6.0","123.79"
,,,,,,,,,,,"376","873","CONTAINS","10.0","19.45"
,,,,,,,,,,,"377","843","CONTAINS","3.0","23.25"
,,,,,,,,,,,"377","871","CONTAINS","5.0","14.0"
,,,,,,,,,,,"377","889","CONTAINS","10.0","34.0"
,,,,,,,,,,,"378","882","CONTAINS","12.0","32.8"
,,,,,,,,,,,"378","889","CONTAINS","20.0","34.0"
,,,,,,,,,,,"378","900","CONTAINS","20.0","21.5"
,,,,,,,,,,,"379","891","CONTAINS","15.0","49.3"
,,,,,,,,,,,"379","902","CONTAINS","35.0","15.0"
,,,,,,,,,,,"380","830","CONTAINS","25.0","18.0"
,,,,,,,,,,,"381","858","CONTAINS","20.0","123.79"
,,,,,,,,,,,"381","893","CONTAINS","9.0","33.25"
,,,,,,,,,,,"382","884","CONTAINS","12.0","24.0"
,,,,,,,,,,,"382","905","CONTAINS","35.0","18.0"
,,,,,,,,,,,"383","904","CONTAINS","8.0","7.75"
,,,,,,,,,,,"384","831","CONTAINS","30.0","19.0"
,,,,,,,,,,,"384","862","CONTAINS","20.0","2.5"
,,,,,,,,,,,"385","841","CONTAINS","36.0","38.0"
,,,,,,,,,,,"385","842","CONTAINS","13.0","6.0"
,,,,,,,,,,,"385","855","CONTAINS","35.0","31.23"
,,,,,,,,,,,"385","891","CONTAINS","80.0","49.3"
,,,,,,,,,,,"386","836","CONTAINS","35.0","30.0"
,,,,,,,,,,,"386","847","CONTAINS","50.0","62.5"
,,,,,,,,,,,"386","880","CONTAINS","15.0","53.0"
,,,,,,,,,,,"386","904","CONTAINS","2.0","7.75"
,,,,,,,,,,,"387","833","CONTAINS","10.0","22.0"
,,,,,,,,,,,"387","834","CONTAINS","15.0","21.35"
,,,,,,,,,,,"387","851","CONTAINS","40.0","21.0"
,,,,,,,,,,,"388","833","CONTAINS","25.0","22.0"
,,,,,,,,,,,"388","887","CONTAINS","6.0","13.25"
,,,,,,,,,,,"389","840","CONTAINS","10.0","21.0"
,,,,,,,,,,,"389","879","CONTAINS","25.0","16.25"
,,,,,,,,,,,"389","885","CONTAINS","60.0","38.0"
,,,,,,,,,,,"390","874","CONTAINS","20.0","9.5"
,,,,,,,,,,,"390","894","CONTAINS","21.0","21.05"
,,,,,,,,,,,"390","901","CONTAINS","60.0","34.8"
,,,,,,,,,,,"391","847","CONTAINS","8.0","62.5"
,,,,,,,,,,,"392","898","CONTAINS","20.0","36.0"
,,,,,,,,,,,"392","899","CONTAINS","15.0","15.0"
,,,,,,,,,,,"393","831","CONTAINS","50.0","19.0"
,,,,,,,,,,,"393","869","CONTAINS","60.0","18.4"
,,,,,,,,,,,"394","850","CONTAINS","30.0","10.0"
,,,,,,,,,,,"394","890","CONTAINS","20.0","28.5"
,,,,,,,,,,,"395","857","CONTAINS","15.0","45.6"
,,,,,,,,,,,"395","868","CONTAINS","21.0","18.0"
,,,,,,,,,,,"395","875","CONTAINS","2.0","12.0"
,,,,,,,,,,,"396","847","CONTAINS","4.0","62.5"
,,,,,,,,,,,"396","872","CONTAINS","20.0","46.0"
,,,,,,,,,,,"396","875","CONTAINS","21.0","12.0"
,,,,,,,,,,,"397","847","CONTAINS","20.0","62.5"
,,,,,,,,,,,"397","865","CONTAINS","15.0","19.0"
,,,,,,,,,,,"398","830","CONTAINS","15.0","18.0"
,,,,,,,,,,,"398","839","CONTAINS","18.0","31.0"
,,,,,,,,,,,"398","900","CONTAINS","30.0","21.5"
,,,,,,,,,,,"398","906","CONTAINS","35.0","13.0"
,,,,,,,,,,,"399","848","CONTAINS","30.0","9.2"
,,,,,,,,,,,"399","868","CONTAINS","20.0","18.0"
,,,,,,,,,,,"400","851","CONTAINS","15.0","21.0"
,,,,,,,,,,,"400","853","CONTAINS","15.0","4.5"
,,,,,,,,,,,"401","857","CONTAINS","20.0","45.6"
,,,,,,,,,,,"401","901","CONTAINS","15.0","34.8"
,,,,,,,,,,,"402","859","CONTAINS","30.0","25.89"
,,,,,,,,,,,"402","882","CONTAINS","25.0","32.8"
,,,,,,,,,,,"402","883","CONTAINS","30.0","7.45"
,,,,,,,,,,,"403","848","CONTAINS","12.0","9.2"
,,,,,,,,,,,"403","851","CONTAINS","20.0","21.0"
,,,,,,,,,,,"404","859","CONTAINS","2.0","25.89"
,,,,,,,,,,,"404","871","CONTAINS","20.0","14.0"
,,,,,,,,,,,"405","845","CONTAINS","30.0","17.45"
,,,,,,,,,,,"405","889","CONTAINS","20.0","34.0"
,,,,,,,,,,,"406","833","CONTAINS","12.0","22.0"
,,,,,,,,,,,"406","868","CONTAINS","20.0","18.0"
,,,,,,,,,,,"406","883","CONTAINS","6.0","7.45"
,,,,,,,,,,,"407","870","CONTAINS","20.0","9.65"
,,,,,,,,,,,"408","843","CONTAINS","3.0","23.25"
,,,,,,,,,,,"408","873","CONTAINS","28.0","19.45"
,,,,,,,,,,,"408","876","CONTAINS","6.0","9.5"
,,,,,,,,,,,"409","844","CONTAINS","50.0","15.5"
,,,,,,,,,,,"409","870","CONTAINS","24.0","9.65"
,,,,,,,,,,,"409","875","CONTAINS","45.0","12.0"
,,,,,,,,,,,"409","876","CONTAINS","10.0","9.5"
,,,,,,,,,,,"409","885","CONTAINS","45.0","38.0"
,,,,,,,,,,,"409","889","CONTAINS","30.0","34.0"
,,,,,,,,,,,"410","850","CONTAINS","60.0","10.0"
,,,,,,,,,,,"410","869","CONTAINS","70.0","18.4"
,,,,,,,,,,,"410","889","CONTAINS","55.0","34.0"
,,,,,,,,,,,"410","906","CONTAINS","70.0","13.0"
,,,,,,,,,,,"411","860","CONTAINS","20.0","12.5"
,,,,,,,,,,,"411","869","CONTAINS","24.0","18.4"
,,,,,,,,,,,"411","899","CONTAINS","40.0","15.0"
,,,,,,,,,,,"412","849","CONTAINS","21.0","81.0"
,,,,,,,,,,,"413","868","CONTAINS","3.0","18.0"
,,,,,,,,,,,"413","887","CONTAINS","49.0","13.25"
,,,,,,,,,,,"414","897","CONTAINS","10.0","12.5"
,,,,,,,,,,,"415","869","CONTAINS","30.0","18.4"
,,,,,,,,,,,"415","871","CONTAINS","30.0","14.0"
,,,,,,,,,,,"415","880","CONTAINS","20.0","53.0"
,,,,,,,,,,,"416","839","CONTAINS","24.0","31.0"
,,,,,,,,,,,"416","885","CONTAINS","12.0","38.0"
,,,,,,,,,,,"416","894","CONTAINS","15.0","21.05"
,,,,,,,,,,,"417","880","CONTAINS","20.0","53.0"
,,,,,,,,,,,"417","888","CONTAINS","1.0","55.0"
,,,,,,,,,,,"417","905","CONTAINS","10.0","18.0"
,,,,,,,,,,,"418","858","CONTAINS","36.0","123.79"
,,,,,,,,,,,"418","894","CONTAINS","10.0","21.05"
,,,,,,,,,,,"419","898","CONTAINS","45.0","36.0"
,,,,,,,,,,,"419","900","CONTAINS","14.0","21.5"
,,,,,,,,,,,"420","860","CONTAINS","8.0","12.5"
,,,,,,,,,,,"420","884","CONTAINS","4.0","24.0"
,,,,,,,,,,,"420","893","CONTAINS","15.0","33.25"
,,,,,,,,,,,"421","865","CONTAINS","30.0","19.0"
,,,,,,,,,,,"422","852","CONTAINS","32.0","9.0"
,,,,,,,,,,,"422","875","CONTAINS","60.0","12.0"
,,,,,,,,,,,"422","896","CONTAINS","25.0","14.0"
,,,,,,,,,,,"422","902","CONTAINS","50.0","15.0"
,,,,,,,,,,,"422","904","CONTAINS","25.0","7.75"
,,,,,,,,,,,"423","845","CONTAINS","10.0","17.45"
,,,,,,,,,,,"423","891","CONTAINS","10.0","49.3"
,,,,,,,,,,,"423","894","CONTAINS","12.0","21.05"
,,,,,,,,,,,"424","867","CONTAINS","15.0","263.5"
,,,,,,,,,,,"424","900","CONTAINS","12.0","21.5"
,,,,,,,,,,,"425","845","CONTAINS","3.0","17.45"
,,,,,,,,,,,"425","871","CONTAINS","6.0","14.0"
,,,,,,,,,,,"425","872","CONTAINS","6.0","46.0"
,,,,,,,,,,,"426","852","CONTAINS","5.0","9.0"
,,,,,,,,,,,"427","843","CONTAINS","30.0","23.25"
,,,,,,,,,,,"427","882","CONTAINS","10.0","32.8"
,,,,,,,,,,,"427","887","CONTAINS","30.0","13.25"
,,,,,,,,,,,"428","839","CONTAINS","2.0","31.0"
,,,,,,,,,,,"428","848","CONTAINS","7.0","9.2"
,,,,,,,,,,,"428","873","CONTAINS","21.0","19.45"
,,,,,,,,,,,"429","855","CONTAINS","30.0","31.23"
,,,,,,,,,,,"429","862","CONTAINS","8.0","2.5"
,,,,,,,,,,,"430","841","CONTAINS","100.0","38.0"
,,,,,,,,,,,"430","862","CONTAINS","30.0","2.5"
,,,,,,,,,,,"430","870","CONTAINS","120.0","9.65"
,,,,,,,,,,,"430","883","CONTAINS","30.0","7.45"
,,,,,,,,,,,"431","888","CONTAINS","12.0","55.0"
,,,,,,,,,,,"432","845","CONTAINS","50.0","17.45"
,,,,,,,,,,,"432","860","CONTAINS","20.0","12.5"
,,,,,,,,,,,"432","871","CONTAINS","40.0","14.0"
,,,,,,,,,,,"433","848","CONTAINS","30.0","9.2"
,,,,,,,,,,,"433","850","CONTAINS","12.0","10.0"
,,,,,,,,,,,"433","893","CONTAINS","28.0","33.25"
,,,,,,,,,,,"434","862","CONTAINS","30.0","2.5"
,,,,,,,,,,,"434","895","CONTAINS","4.0","17.0"
,,,,,,,,,,,"434","904","CONTAINS","30.0","7.75"
,,,,,,,,,,,"435","881","CONTAINS","9.0","7.0"
,,,,,,,,,,,"436","869","CONTAINS","20.0","18.4"
,,,,,,,,,,,"436","876","CONTAINS","40.0","9.5"
,,,,,,,,,,,"436","889","CONTAINS","30.0","34.0"
,,,,,,,,,,,"437","839","CONTAINS","20.0","31.0"
,,,,,,,,,,,"437","870","CONTAINS","4.0","9.65"
,,,,,,,,,,,"437","876","CONTAINS","15.0","9.5"
,,,,,,,,,,,"438","846","CONTAINS","30.0","39.0"
,,,,,,,,,,,"438","855","CONTAINS","15.0","31.23"
,,,,,,,,,,,"439","838","CONTAINS","50.0","97.0"
,,,,,,,,,,,"439","858","CONTAINS","10.0","123.79"
,,,,,,,,,,,"439","865","CONTAINS","6.0","19.0"
,,,,,,,,,,,"440","839","CONTAINS","18.0","31.0"
,,,,,,,,,,,"440","857","CONTAINS","60.0","45.6"
,,,,,,,,,,,"440","863","CONTAINS","14.0","14.0"
,,,,,,,,,,,"441","830","CONTAINS","35.0","18.0"
,,,,,,,,,,,"442","885","CONTAINS","20.0","38.0"
,,,,,,,,,,,"442","906","CONTAINS","30.0","13.0"
,,,,,,,,,,,"443","830","CONTAINS","30.0","18.0"
,,,,,,,,,,,"443","858","CONTAINS","40.0","123.79"
,,,,,,,,,,,"443","872","CONTAINS","40.0","46.0"
,,,,,,,,,,,"443","873","CONTAINS","24.0","19.45"
,,,,,,,,,,,"443","891","CONTAINS","48.0","49.3"
,,,,,,,,,,,"444","892","CONTAINS","20.0","43.9"
,,,,,,,,,,,"445","838","CONTAINS","6.0","97.0"
,,,,,,,,,,,"445","883","CONTAINS","60.0","7.45"
,,,,,,,,,,,"445","898","CONTAINS","30.0","36.0"
,,,,,,,,,,,"445","902","CONTAINS","15.0","15.0"
,,,,,,,,,,,"446","836","CONTAINS","90.0","30.0"
,,,,,,,,,,,"446","888","CONTAINS","25.0","55.0"
,,,,,,,,,,,"446","899","CONTAINS","50.0","15.0"
,,,,,,,,,,,"447","837","CONTAINS","10.0","40.0"
,,,,,,,,,,,"447","841","CONTAINS","4.0","38.0"
,,,,,,,,,,,"447","853","CONTAINS","20.0","4.5"
,,,,,,,,,,,"448","846","CONTAINS","20.0","39.0"
,,,,,,,,,,,"448","875","CONTAINS","18.0","12.0"
,,,,,,,,,,,"449","848","CONTAINS","7.0","9.2"
,,,,,,,,,,,"449","864","CONTAINS","9.0","18.0"
,,,,,,,,,,,"449","887","CONTAINS","30.0","13.25"
,,,,,,,,,,,"449","899","CONTAINS","30.0","15.0"
,,,,,,,,,,,"450","840","CONTAINS","15.0","21.0"
,,,,,,,,,,,"450","846","CONTAINS","8.0","39.0"
,,,,,,,,,,,"450","858","CONTAINS","12.0","123.79"
,,,,,,,,,,,"450","894","CONTAINS","65.0","21.05"
,,,,,,,,,,,"450","899","CONTAINS","8.0","15.0"
,,,,,,,,,,,"451","876","CONTAINS","12.0","9.5"
,,,,,,,,,,,"452","830","CONTAINS","5.0","18.0"
,,,,,,,,,,,"452","863","CONTAINS","12.0","14.0"
,,,,,,,,,,,"452","897","CONTAINS","40.0","12.5"
,,,,,,,,,,,"452","900","CONTAINS","60.0","21.5"
,,,,,,,,,,,"453","888","CONTAINS","42.0","55.0"
,,,,,,,,,,,"453","900","CONTAINS","20.0","21.5"
,,,,,,,,,,,"453","905","CONTAINS","35.0","18.0"
,,,,,,,,,,,"454","832","CONTAINS","6.0","10.0"
,,,,,,,,,,,"454","905","CONTAINS","15.0","18.0"
,,,,,,,,,,,"455","831","CONTAINS","5.0","19.0"
,,,,,,,,,,,"455","888","CONTAINS","35.0","55.0"
,,,,,,,,,,,"455","902","CONTAINS","35.0","15.0"
,,,,,,,,,,,"456","833","CONTAINS","6.0","22.0"
,,,,,,,,,,,"456","853","CONTAINS","35.0","4.5"
,,,,,,,,,,,"456","877","CONTAINS","24.0","12.75"
,,,,,,,,,,,"457","860","CONTAINS","20.0","12.5"
,,,,,,,,,,,"457","861","CONTAINS","4.0","32.0"
,,,,,,,,,,,"458","845","CONTAINS","20.0","17.45"
,,,,,,,,,,,"458","872","CONTAINS","24.0","46.0"
,,,,,,,,,,,"458","888","CONTAINS","8.0","55.0"
,,,,,,,,,,,"459","884","CONTAINS","21.0","24.0"
,,,,,,,,,,,"459","886","CONTAINS","40.0","19.5"
,,,,,,,,,,,"459","899","CONTAINS","28.0","15.0"
,,,,,,,,,,,"460","834","CONTAINS","4.0","21.35"
,,,,,,,,,,,"460","865","CONTAINS","5.0","19.0"
,,,,,,,,,,,"461","837","CONTAINS","40.0","40.0"
,,,,,,,,,,,"461","880","CONTAINS","28.0","53.0"
,,,,,,,,,,,"461","889","CONTAINS","10.0","34.0"
,,,,,,,,,,,"462","848","CONTAINS","5.0","9.2"
,,,,,,,,,,,"462","876","CONTAINS","5.0","9.5"
,,,,,,,,,,,"463","848","CONTAINS","12.0","9.2"
,,,,,,,,,,,"463","870","CONTAINS","42.0","9.65"
,,,,,,,,,,,"463","882","CONTAINS","120.0","32.8"
,,,,,,,,,,,"464","882","CONTAINS","3.0","32.8"
,,,,,,,,,,,"464","885","CONTAINS","30.0","38.0"
,,,,,,,,,,,"465","839","CONTAINS","18.0","31.0"
,,,,,,,,,,,"465","855","CONTAINS","30.0","31.23"
,,,,,,,,,,,"465","874","CONTAINS","110.0","9.5"
,,,,,,,,,,,"465","875","CONTAINS","24.0","12.0"
,,,,,,,,,,,"466","831","CONTAINS","30.0","19.0"
,,,,,,,,,,,"466","846","CONTAINS","27.0","39.0"
,,,,,,,,,,,"466","876","CONTAINS","50.0","9.5"
,,,,,,,,,,,"466","885","CONTAINS","18.0","38.0"
,,,,,,,,,,,"466","887","CONTAINS","12.0","13.25"
,,,,,,,,,,,"467","839","CONTAINS","21.0","31.0"
,,,,,,,,,,,"467","900","CONTAINS","30.0","21.5"
,,,,,,,,,,,"468","850","CONTAINS","5.0","10.0"
,,,,,,,,,,,"468","880","CONTAINS","7.0","53.0"
,,,,,,,,,,,"468","890","CONTAINS","10.0","28.5"
,,,,,,,,,,,"469","850","CONTAINS","32.0","10.0"
,,,,,,,,,,,"469","883","CONTAINS","15.0","7.45"
,,,,,,,,,,,"469","898","CONTAINS","25.0","36.0"
,,,,,,,,,,,"470","841","CONTAINS","36.0","38.0"
,,,,,,,,,,,"470","845","CONTAINS","20.0","17.45"
,,,,,,,,,,,"470","865","CONTAINS","40.0","19.0"
,,,,,,,,,,,"470","891","CONTAINS","20.0","49.3"
,,,,,,,,,,,"471","847","CONTAINS","12.0","62.5"
,,,,,,,,,,,"471","859","CONTAINS","3.0","25.89"
,,,,,,,,,,,"471","883","CONTAINS","40.0","7.45"
,,,,,,,,,,,"472","864","CONTAINS","21.0","18.0"
,,,,,,,,,,,"472","900","CONTAINS","8.0","21.5"
,,,,,,,,,,,"473","873","CONTAINS","50.0","19.45"
,,,,,,,,,,,"474","831","CONTAINS","3.0","19.0"
,,,,,,,,,,,"474","860","CONTAINS","50.0","12.5"
,,,,,,,,,,,"474","897","CONTAINS","45.0","12.5"
,,,,,,,,,,,"474","904","CONTAINS","42.0","7.75"
,,,,,,,,,,,"475","855","CONTAINS","15.0","31.23"
,,,,,,,,,,,"476","839","CONTAINS","16.0","31.0"
,,,,,,,,,,,"476","890","CONTAINS","5.0","28.5"
,,,,,,,,,,,"477","870","CONTAINS","12.0","9.65"
,,,,,,,,,,,"477","881","CONTAINS","4.0","7.0"
,,,,,,,,,,,"477","884","CONTAINS","6.0","24.0"
,,,,,,,,,,,"478","833","CONTAINS","25.0","22.0"
,,,,,,,,,,,"478","840","CONTAINS","5.0","21.0"
,,,,,,,,,,,"479","846","CONTAINS","20.0","39.0"
,,,,,,,,,,,"479","885","CONTAINS","10.0","38.0"
,,,,,,,,,,,"479","888","CONTAINS","10.0","55.0"
,,,,,,,,,,,"480","859","CONTAINS","15.0","25.89"
,,,,,,,,,,,"480","869","CONTAINS","6.0","18.4"
,,,,,,,,,,,"480","884","CONTAINS","12.0","24.0"
,,,,,,,,,,,"480","889","CONTAINS","15.0","34.0"
,,,,,,,,,,,"481","830","CONTAINS","50.0","18.0"
,,,,,,,,,,,"481","850","CONTAINS","30.0","10.0"
,,,,,,,,,,,"481","879","CONTAINS","40.0","16.25"
,,,,,,,,,,,"482","845","CONTAINS","15.0","17.45"
,,,,,,,,,,,"482","860","CONTAINS","3.0","12.5"
,,,,,,,,,,,"482","894","CONTAINS","10.0","21.05"
,,,,,,,,,,,"483","850","CONTAINS","40.0","10.0"
,,,,,,,,,,,"483","880","CONTAINS","30.0","53.0"
,,,,,,,,,,,"484","905","CONTAINS","20.0","18.0"
,,,,,,,,,,,"485","843","CONTAINS","16.0","23.25"
,,,,,,,,,,,"485","857","CONTAINS","20.0","45.6"
,,,,,,,,,,,"485","881","CONTAINS","25.0","7.0"
,,,,,,,,,,,"486","835","CONTAINS","30.0","25.0"
,,,,,,,,,,,"486","859","CONTAINS","15.0","25.89"
,,,,,,,,,,,"486","905","CONTAINS","20.0","18.0"
,,,,,,,,,,,"487","890","CONTAINS","20.0","28.5"
,,,,,,,,,,,"487","906","CONTAINS","2.0","13.0"
,,,,,,,,,,,"488","894","CONTAINS","40.0","21.05"
,,,,,,,,,,,"488","904","CONTAINS","20.0","7.75"
,,,,,,,,,,,"489","842","CONTAINS","4.0","6.0"
,,,,,,,,,,,"489","870","CONTAINS","12.0","9.65"
,,,,,,,,,,,"490","845","CONTAINS","3.0","17.45"
,,,,,,,,,,,"491","865","CONTAINS","6.0","19.0"
,,,,,,,,,,,"491","881","CONTAINS","18.0","7.0"
,,,,,,,,,,,"492","857","CONTAINS","5.0","45.6"
,,,,,,,,,,,"492","864","CONTAINS","35.0","18.0"
,,,,,,,,,,,"492","874","CONTAINS","40.0","9.5"
,,,,,,,,,,,"492","885","CONTAINS","14.0","38.0"
,,,,,,,,,,,"493","831","CONTAINS","15.0","19.0"
,,,,,,,,,,,"494","832","CONTAINS","20.0","10.0"
,,,,,,,,,,,"494","889","CONTAINS","50.0","34.0"
,,,,,,,,,,,"494","901","CONTAINS","35.0","34.8"
,,,,,,,,,,,"495","875","CONTAINS","28.0","12.0"
,,,,,,,,,,,"496","869","CONTAINS","50.0","18.4"
,,,,,,,,,,,"497","847","CONTAINS","24.0","62.5"
,,,,,,,,,,,"497","873","CONTAINS","16.0","19.45"
,,,,,,,,,,,"497","888","CONTAINS","45.0","55.0"
,,,,,,,,,,,"497","901","CONTAINS","7.0","34.8"
,,,,,,,,,,,"498","842","CONTAINS","6.0","6.0"
,,,,,,,,,,,"498","871","CONTAINS","28.0","14.0"
,,,,,,,,,,,"498","891","CONTAINS","9.0","49.3"
,,,,,,,,,,,"498","898","CONTAINS","40.0","36.0"
,,,,,,,,,,,"499","860","CONTAINS","8.0","12.5"
,,,,,,,,,,,"499","870","CONTAINS","35.0","9.65"
,,,,,,,,,,,"499","892","CONTAINS","9.0","43.9"
,,,,,,,,,,,"499","898","CONTAINS","30.0","36.0"
,,,,,,,,,,,"500","852","CONTAINS","44.0","9.0"
,,,,,,,,,,,"500","869","CONTAINS","40.0","18.4"
,,,,,,,,,,,"500","885","CONTAINS","28.0","38.0"
,,,,,,,,,,,"501","885","CONTAINS","15.0","38.0"
,,,,,,,,,,,"501","888","CONTAINS","6.0","55.0"
,,,,,,,,,,,"501","905","CONTAINS","10.0","18.0"
,,,,,,,,,,,"502","843","CONTAINS","5.0","23.25"
,,,,,,,,,,,"502","874","CONTAINS","40.0","9.5"
,,,,,,,,,,,"502","888","CONTAINS","25.0","55.0"
,,,,,,,,,,,"503","855","CONTAINS","12.0","31.23"
,,,,,,,,,,,"503","859","CONTAINS","30.0","25.89"
,,,,,,,,,,,"503","879","CONTAINS","20.0","16.25"
,,,,,,,,,,,"503","902","CONTAINS","15.0","15.0"
,,,,,,,,,,,"504","830","CONTAINS","8.0","18.0"
,,,,,,,,,,,"504","898","CONTAINS","3.0","36.0"
,,,,,,,,,,,"505","874","CONTAINS","4.0","9.5"
,,,,,,,,,,,"505","903","CONTAINS","5.0","10.0"
,,,,,,,,,,,"506","869","CONTAINS","3.0","18.4"
,,,,,,,,,,,"507","876","CONTAINS","30.0","9.5"
,,,,,,,,,,,"507","885","CONTAINS","30.0","38.0"
,,,,,,,,,,,"507","886","CONTAINS","14.0","19.5"
,,,,,,,,,,,"507","898","CONTAINS","25.0","36.0"
,,,,,,,,,,,"508","847","CONTAINS","21.0","62.5"
,,,,,,,,,,,"508","865","CONTAINS","20.0","19.0"
,,,,,,,,,,,"508","897","CONTAINS","6.0","12.5"
,,,,,,,,,,,"508","898","CONTAINS","20.0","36.0"
,,,,,,,,,,,"509","863","CONTAINS","30.0","14.0"
,,,,,,,,,,,"509","888","CONTAINS","7.0","55.0"
,,,,,,,,,,,"509","891","CONTAINS","30.0","49.3"
,,,,,,,,,,,"509","893","CONTAINS","24.0","33.25"
,,,,,,,,,,,"510","855","CONTAINS","20.0","31.23"
,,,,,,,,,,,"510","881","CONTAINS","60.0","7.0"
,,,,,,,,,,,"510","899","CONTAINS","40.0","15.0"
,,,,,,,,,,,"511","861","CONTAINS","10.0","32.0"
,,,,,,,,,,,"512","854","CONTAINS","12.0","14.0"
,,,,,,,,,,,"512","856","CONTAINS","40.0","43.9"
,,,,,,,,,,,"512","872","CONTAINS","30.0","46.0"
,,,,,,,,,,,"513","854","CONTAINS","35.0","14.0"
,,,,,,,,,,,"513","904","CONTAINS","18.0","7.75"
,,,,,,,,,,,"514","868","CONTAINS","16.0","18.0"
,,,,,,,,,,,"514","876","CONTAINS","30.0","9.5"
,,,,,,,,,,,"514","880","CONTAINS","28.0","53.0"
,,,,,,,,,,,"514","885","CONTAINS","60.0","38.0"
,,,,,,,,,,,"515","850","CONTAINS","40.0","10.0"
,,,,,,,,,,,"515","851","CONTAINS","6.0","21.0"
,,,,,,,,,,,"515","853","CONTAINS","20.0","4.5"
,,,,,,,,,,,"516","832","CONTAINS","20.0","10.0"
,,,,,,,,,,,"516","868","CONTAINS","130.0","18.0"
,,,,,,,,,,,"517","894","CONTAINS","80.0","21.05"
,,,,,,,,,,,"518","831","CONTAINS","40.0","19.0"
,,,,,,,,,,,"518","836","CONTAINS","35.0","30.0"
,,,,,,,,,,,"518","897","CONTAINS","40.0","12.5"
,,,,,,,,,,,"519","871","CONTAINS","2.0","14.0"
,,,,,,,,,,,"520","851","CONTAINS","4.0","21.0"
,,,,,,,,,,,"520","860","CONTAINS","50.0","12.5"
,,,,,,,,,,,"520","889","CONTAINS","15.0","34.0"
,,,,,,,,,,,"520","900","CONTAINS","12.0","21.5"
,,,,,,,,,,,"521","870","CONTAINS","30.0","9.65"
,,,,,,,,,,,"521","881","CONTAINS","15.0","7.0"
,,,,,,,,,,,"521","890","CONTAINS","20.0","28.5"
,,,,,,,,,,,"521","891","CONTAINS","15.0","49.3"
,,,,,,,,,,,"522","840","CONTAINS","15.0","21.0"
,,,,,,,,,,,"523","900","CONTAINS","16.0","21.5"
,,,,,,,,,,,"524","858","CONTAINS","18.0","123.79"
,,,,,,,,,,,"524","888","CONTAINS","25.0","55.0"
,,,,,,,,,,,"525","846","CONTAINS","33.0","39.0"
,,,,,,,,,,,"525","860","CONTAINS","70.0","12.5"
,,,,,,,,,,,"525","904","CONTAINS","7.0","7.75"
,,,,,,,,,,,"526","860","CONTAINS","2.0","12.5"
,,,,,,,,,,,"526","895","CONTAINS","50.0","17.0"
,,,,,,,,,,,"527","839","CONTAINS","6.0","31.0"
,,,,,,,,,,,"527","896","CONTAINS","3.0","14.0"
,,,,,,,,,,,"528","860","CONTAINS","16.0","12.5"
,,,,,,,,,,,"528","871","CONTAINS","12.0","14.0"
,,,,,,,,,,,"528","874","CONTAINS","27.0","9.5"
,,,,,,,,,,,"528","880","CONTAINS","120.0","53.0"
,,,,,,,,,,,"529","871","CONTAINS","20.0","14.0"
,,,,,,,,,,,"530","870","CONTAINS","10.0","9.65"
,,,,,,,,,,,"531","845","CONTAINS","20.0","17.45"
,,,,,,,,,,,"531","891","CONTAINS","20.0","49.3"
,,,,,,,,,,,"532","899","CONTAINS","35.0","15.0"
,,,,,,,,,,,"532","906","CONTAINS","15.0","13.0"
,,,,,,,,,,,"533","883","CONTAINS","3.0","7.45"
,,,,,,,,,,,"533","885","CONTAINS","20.0","38.0"
,,,,,,,,,,,"533","903","CONTAINS","35.0","10.0"
,,,,,,,,,,,"534","860","CONTAINS","1.0","12.5"
,,,,,,,,,,,"535","860","CONTAINS","10.0","12.5"
,,,,,,,,,,,"535","867","CONTAINS","5.0","263.5"
,,,,,,,,,,,"536","865","CONTAINS","30.0","19.0"
,,,,,,,,,,,"536","868","CONTAINS","2.0","18.0"
,,,,,,,,,,,"536","901","CONTAINS","30.0","34.8"
,,,,,,,,,,,"537","839","CONTAINS","10.0","31.0"
,,,,,,,,,,,"537","904","CONTAINS","10.0","7.75"
,,,,,,,,,,,"538","837","CONTAINS","30.0","40.0"
,,,,,,,,,,,"538","859","CONTAINS","15.0","25.89"
,,,,,,,,,,,"538","904","CONTAINS","42.0","7.75"
,,,,,,,,,,,"539","831","CONTAINS","15.0","19.0"
,,,,,,,,,,,"539","858","CONTAINS","20.0","123.79"
,,,,,,,,,,,"540","848","CONTAINS","50.0","9.2"
,,,,,,,,,,,"540","904","CONTAINS","40.0","7.75"
,,,,,,,,,,,"541","847","CONTAINS","30.0","62.5"
,,,,,,,,,,,"541","864","CONTAINS","15.0","18.0"
,,,,,,,,,,,"541","892","CONTAINS","30.0","43.9"
,,,,,,,,,,,"541","897","CONTAINS","18.0","12.5"
,,,,,,,,,,,"542","836","CONTAINS","3.0","30.0"
,,,,,,,,,,,"542","885","CONTAINS","20.0","38.0"
,,,,,,,,,,,"543","858","CONTAINS","14.0","123.79"
,,,,,,,,,,,"543","870","CONTAINS","20.0","9.65"
,,,,,,,,,,,"544","831","CONTAINS","10.0","19.0"
,,,,,,,,,,,"544","883","CONTAINS","3.0","7.45"
,,,,,,,,,,,"544","897","CONTAINS","15.0","12.5"
,,,,,,,,,,,"545","870","CONTAINS","14.0","9.65"
,,,,,,,,,,,"545","881","CONTAINS","8.0","7.0"
,,,,,,,,,,,"546","843","CONTAINS","15.0","23.25"
,,,,,,,,,,,"546","883","CONTAINS","6.0","7.45"
,,,,,,,,,,,"547","845","CONTAINS","65.0","17.45"
,,,,,,,,,,,"547","846","CONTAINS","35.0","39.0"
,,,,,,,,,,,"548","855","CONTAINS","21.0","31.23"
,,,,,,,,,,,"548","873","CONTAINS","10.0","19.45"
,,,,,,,,,,,"548","893","CONTAINS","35.0","33.25"
,,,,,,,,,,,"548","898","CONTAINS","24.0","36.0"
,,,,,,,,,,,"549","840","CONTAINS","20.0","21.0"
,,,,,,,,,,,"550","891","CONTAINS","2.0","49.3"
,,,,,,,,,,,"550","901","CONTAINS","10.0","34.8"
,,,,,,,,,,,"551","842","CONTAINS","20.0","6.0"
,,,,,,,,,,,"551","853","CONTAINS","20.0","4.5"
,,,,,,,,,,,"551","888","CONTAINS","25.0","55.0"
,,,,,,,,,,,"552","840","CONTAINS","50.0","21.0"
,,,,,,,,,,,"552","880","CONTAINS","10.0","53.0"
,,,,,,,,,,,"552","883","CONTAINS","7.0","7.45"
,,,,,,,,,,,"553","846","CONTAINS","40.0","39.0"
,,,,,,,,,,,"553","858","CONTAINS","20.0","123.79"
,,,,,,,,,,,"554","859","CONTAINS","25.0","25.89"
,,,,,,,,,,,"554","880","CONTAINS","30.0","53.0"
,,,,,,,,,,,"554","884","CONTAINS","60.0","24.0"
,,,,,,,,,,,"554","891","CONTAINS","5.0","49.3"
,,,,,,,,,,,"555","848","CONTAINS","24.0","9.2"
,,,,,,,,,,,"555","854","CONTAINS","15.0","14.0"
,,,,,,,,,,,"555","888","CONTAINS","15.0","55.0"
,,,,,,,,,,,"556","839","CONTAINS","36.0","31.0"
,,,,,,,,,,,"556","857","CONTAINS","24.0","45.6"
,,,,,,,,,,,"556","878","CONTAINS","4.0","20.0"
,,,,,,,,,,,"557","863","CONTAINS","10.0","14.0"
,,,,,,,,,,,"557","867","CONTAINS","10.0","263.5"
,,,,,,,,,,,"558","831","CONTAINS","20.0","19.0"
,,,,,,,,,,,"558","894","CONTAINS","2.0","21.05"
,,,,,,,,,,,"558","903","CONTAINS","15.0","10.0"
,,,,,,,,,,,"559","869","CONTAINS","1.0","18.4"
,,,,,,,,,,,"560","885","CONTAINS","20.0","38.0"
,,,,,,,,,,,"560","905","CONTAINS","50.0","18.0"
,,,,,,,,,,,"561","881","CONTAINS","20.0","7.0"
,,,,,,,,,,,"562","842","CONTAINS","7.0","6.0"
,,,,,,,,,,,"562","854","CONTAINS","5.0","14.0"
,,,,,,,,,,,"562","899","CONTAINS","5.0","15.0"
,,,,,,,,,,,"563","848","CONTAINS","15.0","9.2"
,,,,,,,,,,,"563","852","CONTAINS","18.0","9.0"
,,,,,,,,,,,"563","869","CONTAINS","30.0","18.4"
,,,,,,,,,,,"564","860","CONTAINS","16.0","12.5"
,,,,,,,,,,,"564","901","CONTAINS","40.0","34.8"
,,,,,,,,,,,"564","906","CONTAINS","20.0","13.0"
,,,,,,,,,,,"565","831","CONTAINS","12.0","19.0"
,,,,,,,,,,,"565","875","CONTAINS","35.0","12.0"
,,,,,,,,,,,"566","870","CONTAINS","20.0","9.65"
,,,,,,,,,,,"566","872","CONTAINS","20.0","46.0"
,,,,,,,,,,,"566","877","CONTAINS","8.0","12.75"
,,,,,,,,,,,"566","890","CONTAINS","30.0","28.5"
,,,,,,,,,,,"567","862","CONTAINS","16.0","2.5"
,,,,,,,,,,,"568","867","CONTAINS","30.0","263.5"
,,,,,,,,,,,"568","891","CONTAINS","20.0","49.3"
,,,,,,,,,,,"569","855","CONTAINS","40.0","31.23"
,,,,,,,,,,,"569","867","CONTAINS","30.0","263.5"
,,,,,,,,,,,"569","869","CONTAINS","60.0","18.4"
,,,,,,,,,,,"569","891","CONTAINS","25.0","49.3"
,,,,,,,,,,,"570","861","CONTAINS","20.0","32.0"
,,,,,,,,,,,"570","870","CONTAINS","20.0","9.65"
,,,,,,,,,,,"571","872","CONTAINS","7.0","46.0"
,,,,,,,,,,,"571","904","CONTAINS","20.0","7.75"
,,,,,,,,,,,"572","885","CONTAINS","30.0","38.0"
,,,,,,,,,,,"573","864","CONTAINS","20.0","18.0"
,,,,,,,,,,,"573","880","CONTAINS","6.0","53.0"
,,,,,,,,,,,"574","891","CONTAINS","3.0","49.3"
,,,,,,,,,,,"574","899","CONTAINS","6.0","15.0"
,,,,,,,,,,,"575","840","CONTAINS","20.0","21.0"
,,,,,,,,,,,"575","886","CONTAINS","15.0","19.5"
,,,,,,,,,,,"575","888","CONTAINS","40.0","55.0"
,,,,,,,,,,,"575","906","CONTAINS","15.0","13.0"
,,,,,,,,,,,"576","870","CONTAINS","12.0","9.65"
,,,,,,,,,,,"576","899","CONTAINS","9.0","15.0"
,,,,,,,,,,,"577","855","CONTAINS","12.0","31.23"
,,,,,,,,,,,"577","882","CONTAINS","20.0","32.8"
,,,,,,,,,,,"578","860","CONTAINS","35.0","12.5"
,,,,,,,,,,,"578","886","CONTAINS","15.0","19.5"
,,,,,,,,,,,"579","839","CONTAINS","15.0","31.0"
,,,,,,,,,,,"579","868","CONTAINS","21.0","18.0"
,,,,,,,,,,,"580","849","CONTAINS","5.0","81.0"
,,,,,,,,,,,"580","867","CONTAINS","2.0","263.5"
,,,,,,,,,,,"581","831","CONTAINS","10.0","19.0"
,,,,,,,,,,,"581","837","CONTAINS","20.0","40.0"
,,,,,,,,,,,"581","842","CONTAINS","10.0","6.0"
,,,,,,,,,,,"581","889","CONTAINS","21.0","34.0"
,,,,,,,,,,,"582","835","CONTAINS","6.0","25.0"
,,,,,,,,,,,"582","868","CONTAINS","28.0","18.0"
,,,,,,,,,,,"582","889","CONTAINS","30.0","34.0"
,,,,,,,,,,,"582","897","CONTAINS","24.0","12.5"
,,,,,,,,,,,"583","848","CONTAINS","2.0","9.2"
,,,,,,,,,,,"583","864","CONTAINS","8.0","18.0"
,,,,,,,,,,,"583","867","CONTAINS","8.0","263.5"
,,,,,,,,,,,"583","872","CONTAINS","9.0","46.0"
,,,,,,,,,,,"584","842","CONTAINS","3.0","6.0"
,,,,,,,,,,,"584","854","CONTAINS","10.0","14.0"
,,,,,,,,,,,"584","873","CONTAINS","16.0","19.45"
,,,,,,,,,,,"584","893","CONTAINS","3.0","33.25"
,,,,,,,,,,,"585","836","CONTAINS","20.0","30.0"
,,,,,,,,,,,"585","860","CONTAINS","9.0","12.5"
,,,,,,,,,,,"585","882","CONTAINS","9.0","32.8"
,,,,,,,,,,,"586","858","CONTAINS","8.0","123.79"
,,,,,,,,,,,"586","859","CONTAINS","20.0","25.89"
,,,,,,,,,,,"587","888","CONTAINS","15.0","55.0"
,,,,,,,,,,,"587","906","CONTAINS","2.0","13.0"
,,,,,,,,,,,"588","851","CONTAINS","52.0","21.0"
,,,,,,,,,,,"588","864","CONTAINS","6.0","18.0"
,,,,,,,,,,,"588","886","CONTAINS","24.0","19.5"
,,,,,,,,,,,"588","889","CONTAINS","60.0","34.0"
,,,,,,,,,,,"588","893","CONTAINS","30.0","33.25"
,,,,,,,,,,,"589","842","CONTAINS","6.0","6.0"
,,,,,,,,,,,"589","869","CONTAINS","25.0","18.4"
,,,,,,,,,,,"589","876","CONTAINS","40.0","9.5"
,,,,,,,,,,,"589","905","CONTAINS","21.0","18.0"
,,,,,,,,,,,"590","830","CONTAINS","4.0","18.0"
,,,,,,,,,,,"590","847","CONTAINS","25.0","62.5"
,,,,,,,,,,,"590","865","CONTAINS","50.0","19.0"
,,,,,,,,,,,"591","887","CONTAINS","30.0","13.25"
,,,,,,,,,,,"591","901","CONTAINS","15.0","34.8"
,,,,,,,,,,,"592","854","CONTAINS","6.0","14.0"
,,,,,,,,,,,"592","868","CONTAINS","10.0","18.0"
,,,,,,,,,,,"593","839","CONTAINS","16.0","31.0"
,,,,,,,,,,,"593","885","CONTAINS","30.0","38.0"
,,,,,,,,,,,"593","888","CONTAINS","50.0","55.0"
,,,,,,,,,,,"593","906","CONTAINS","15.0","13.0"
,,,,,,,,,,,"594","840","CONTAINS","15.0","21.0"
,,,,,,,,,,,"594","872","CONTAINS","5.0","46.0"
,,,,,,,,,,,"594","897","CONTAINS","20.0","12.5"
,,,,,,,,,,,"594","899","CONTAINS","12.0","15.0"
,,,,,,,,,,,"595","880","CONTAINS","4.0","53.0"
,,,,,,,,,,,"596","851","CONTAINS","35.0","21.0"
,,,,,,,,,,,"597","852","CONTAINS","70.0","9.0"
,,,,,,,,,,,"597","864","CONTAINS","25.0","18.0"
,,,,,,,,,,,"597","871","CONTAINS","42.0","14.0"
,,,,,,,,,,,"597","887","CONTAINS","60.0","13.25"
,,,,,,,,,,,"597","893","CONTAINS","48.0","33.25"
,,,,,,,,,,,"598","833","CONTAINS","21.0","22.0"
,,,,,,,,,,,"598","899","CONTAINS","30.0","15.0"
,,,,,,,,,,,"598","903","CONTAINS","20.0","10.0"
,,,,,,,,,,,"599","830","CONTAINS","80.0","18.0"
,,,,,,,,,,,"599","848","CONTAINS","12.0","9.2"
,,,,,,,,,,,"599","866","CONTAINS","60.0","26.0"
,,,,,,,,,,,"599","874","CONTAINS","36.0","9.5"
,,,,,,,,,,,"599","889","CONTAINS","45.0","34.0"
,,,,,,,,,,,"599","900","CONTAINS","55.0","21.5"
,,,,,,,,,,,"600","834","CONTAINS","30.0","21.35"
,,,,,,,,,,,"600","838","CONTAINS","3.0","97.0"
,,,,,,,,,,,"601","832","CONTAINS","49.0","10.0"
,,,,,,,,,,,"601","855","CONTAINS","18.0","31.23"
,,,,,,,,,,,"602","854","CONTAINS","20.0","14.0"
,,,,,,,,,,,"602","862","CONTAINS","4.0","2.5"
,,,,,,,,,,,"602","899","CONTAINS","30.0","15.0"
,,,,,,,,,,,"603","831","CONTAINS","5.0","19.0"
,,,,,,,,,,,"603","854","CONTAINS","10.0","14.0"
,,,,,,,,,,,"603","886","CONTAINS","10.0","19.5"
,,,,,,,,,,,"603","888","CONTAINS","42.0","55.0"
,,,,,,,,,,,"604","831","CONTAINS","15.0","19.0"
,,,,,,,,,,,"604","846","CONTAINS","6.0","39.0"
,,,,,,,,,,,"604","891","CONTAINS","50.0","49.3"
,,,,,,,,,,,"605","847","CONTAINS","10.0","62.5"
,,,,,,,,,,,"606","839","CONTAINS","100.0","31.0"
,,,,,,,,,,,"606","842","CONTAINS","65.0","6.0"
,,,,,,,,,,,"607","845","CONTAINS","50.0","17.45"
,,,,,,,,,,,"607","860","CONTAINS","14.0","12.5"
,,,,,,,,,,,"607","885","CONTAINS","24.0","38.0"
,,,,,,,,,,,"607","894","CONTAINS","15.0","21.05"
,,,,,,,,,,,"608","831","CONTAINS","20.0","19.0"
,,,,,,,,,,,"608","871","CONTAINS","20.0","14.0"
,,,,,,,,,,,"609","832","CONTAINS","30.0","10.0"
,,,,,,,,,,,"609","855","CONTAINS","35.0","31.23"
,,,,,,,,,,,"609","858","CONTAINS","10.0","123.79"
,,,,,,,,,,,"610","836","CONTAINS","5.0","30.0"
,,,,,,,,,,,"610","856","CONTAINS","10.0","43.9"
,,,,,,,,,,,"610","899","CONTAINS","4.0","15.0"
,,,,,,,,,,,"611","853","CONTAINS","40.0","4.5"
,,,,,,,,,,,"611","883","CONTAINS","35.0","7.45"
,,,,,,,,,,,"611","893","CONTAINS","30.0","33.25"
,,,,,,,,,,,"612","880","CONTAINS","3.0","53.0"
,,,,,,,,,,,"612","905","CONTAINS","20.0","18.0"
,,,,,,,,,,,"613","846","CONTAINS","42.0","39.0"
,,,,,,,,,,,"613","847","CONTAINS","20.0","62.5"
,,,,,,,,,,,"613","850","CONTAINS","40.0","10.0"
,,,,,,,,,,,"613","862","CONTAINS","35.0","2.5"
,,,,,,,,,,,"613","891","CONTAINS","3.0","49.3"
,,,,,,,,,,,"614","840","CONTAINS","25.0","21.0"
,,,,,,,,,,,"614","881","CONTAINS","8.0","7.0"
,,,,,,,,,,,"615","830","CONTAINS","20.0","18.0"
,,,,,,,,,,,"615","887","CONTAINS","12.0","13.25"
,,,,,,,,,,,"616","864","CONTAINS","4.0","18.0"
,,,,,,,,,,,"616","896","CONTAINS","15.0","14.0"
,,,,,,,,,,,"617","867","CONTAINS","60.0","263.5"
,,,,,,,,,,,"617","868","CONTAINS","80.0","18.0"
,,,,,,,,,,,"618","831","CONTAINS","21.0","19.0"
,,,,,,,,,,,"618","853","CONTAINS","6.0","4.5"
,,,,,,,,,,,"618","859","CONTAINS","40.0","25.89"
,,,,,,,,,,,"619","882","CONTAINS","3.0","32.8"
,,,,,,,,,,,"620","855","CONTAINS","20.0","31.23"
,,,,,,,,,,,"620","864","CONTAINS","30.0","18.0"
,,,,,,,,,,,"620","878","CONTAINS","42.0","20.0"
,,,,,,,,,,,"621","830","CONTAINS","40.0","18.0"
,,,,,,,,,,,"621","840","CONTAINS","10.0","21.0"
,,,,,,,,,,,"621","852","CONTAINS","50.0","9.0"
,,,,,,,,,,,"621","897","CONTAINS","20.0","12.5"
,,,,,,,,,,,"622","864","CONTAINS","3.0","18.0"
,,,,,,,,,,,"622","880","CONTAINS","2.0","53.0"
,,,,,,,,,,,"623","835","CONTAINS","50.0","25.0"
,,,,,,,,,,,"623","845","CONTAINS","12.0","17.45"
,,,,,,,,,,,"623","846","CONTAINS","16.0","39.0"
,,,,,,,,,,,"624","884","CONTAINS","10.0","24.0"
,,,,,,,,,,,"624","891","CONTAINS","20.0","49.3"
,,,,,,,,,,,"624","893","CONTAINS","15.0","33.25"
,,,,,,,,,,,"624","894","CONTAINS","21.0","21.05"
,,,,,,,,,,,"625","850","CONTAINS","20.0","10.0"
,,,,,,,,,,,"625","857","CONTAINS","3.0","45.6"
,,,,,,,,,,,"626","839","CONTAINS","10.0","31.0"
,,,,,,,,,,,"627","848","CONTAINS","25.0","9.2"
,,,,,,,,,,,"627","876","CONTAINS","21.0","9.5"
,,,,,,,,,,,"627","878","CONTAINS","15.0","20.0"
,,,,,,,,,,,"628","875","CONTAINS","21.0","12.0"
,,,,,,,,,,,"628","893","CONTAINS","20.0","33.25"
,,,,,,,,,,,"629","845","CONTAINS","30.0","17.45"
,,,,,,,,,,,"629","847","CONTAINS","25.0","62.5"
,,,,,,,,,,,"630","849","CONTAINS","20.0","81.0"
,,,,,,,,,,,"631","869","CONTAINS","12.0","18.4"
,,,,,,,,,,,"631","894","CONTAINS","10.0","21.05"
,,,,,,,,,,,"631","905","CONTAINS","10.0","18.0"
,,,,,,,,,,,"632","852","CONTAINS","30.0","9.0"
,,,,,,,,,,,"632","890","CONTAINS","30.0","28.5"
,,,,,,,,,,,"632","899","CONTAINS","50.0","15.0"
,,,,,,,,,,,"633","902","CONTAINS","10.0","15.0"
,,,,,,,,,,,"634","871","CONTAINS","25.0","14.0"
,,,,,,,,,,,"634","878","CONTAINS","20.0","20.0"
,,,,,,,,,,,"634","883","CONTAINS","32.0","7.45"
,,,,,,,,,,,"635","853","CONTAINS","8.0","4.5"
,,,,,,,,,,,"636","850","CONTAINS","40.0","10.0"
,,,,,,,,,,,"636","885","CONTAINS","21.0","38.0"
,,,,,,,,,,,"636","894","CONTAINS","12.0","21.05"
,,,,,,,,,,,"637","831","CONTAINS","20.0","19.0"
,,,,,,,,,,,"637","853","CONTAINS","12.0","4.5"
,,,,,,,,,,,"637","899","CONTAINS","30.0","15.0"
,,,,,,,,,,,"637","906","CONTAINS","25.0","13.0"
,,,,,,,,,,,"638","839","CONTAINS","70.0","31.0"
,,,,,,,,,,,"638","860","CONTAINS","35.0","12.5"
,,,,,,,,,,,"638","906","CONTAINS","40.0","13.0"
,,,,,,,,,,,"639","854","CONTAINS","5.0","14.0"
,,,,,,,,,,,"640","831","CONTAINS","20.0","19.0"
,,,,,,,,,,,"640","897","CONTAINS","18.0","12.5"
,,,,,,,,,,,"641","840","CONTAINS","40.0","21.0"
,,,,,,,,,,,"641","867","CONTAINS","40.0","263.5"
,,,,,,,,,,,"642","846","CONTAINS","15.0","39.0"
,,,,,,,,,,,"642","863","CONTAINS","10.0","14.0"
,,,,,,,,,,,"642","870","CONTAINS","14.0","9.65"
,,,,,,,,,,,"643","859","CONTAINS","15.0","25.89"
,,,,,,,,,,,"644","888","CONTAINS","40.0","55.0"
,,,,,,,,,,,"645","837","CONTAINS","30.0","40.0"
,,,,,,,,,,,"645","853","CONTAINS","10.0","4.5"
,,,,,,,,,,,"645","858","CONTAINS","24.0","123.79"
,,,,,,,,,,,"645","859","CONTAINS","35.0","25.89"
,,,,,,,,,,,"645","865","CONTAINS","20.0","19.0"
,,,,,,,,,,,"646","842","CONTAINS","28.0","6.0"
,,,,,,,,,,,"646","898","CONTAINS","50.0","36.0"
,,,,,,,,,,,"646","904","CONTAINS","120.0","7.75"
,,,,,,,,,,,"647","853","CONTAINS","110.0","4.5"
,,,,,,,,,,,"647","868","CONTAINS","45.0","18.0"
,,,,,,,,,,,"647","869","CONTAINS","91.0","18.4"
,,,,,,,,,,,"647","889","CONTAINS","100.0","34.0"
,,,,,,,,,,,"648","874","CONTAINS","15.0","9.5"
,,,,,,,,,,,"648","885","CONTAINS","16.0","38.0"
,,,,,,,,,,,"649","858","CONTAINS","80.0","123.79"
,,,,,,,,,,,"649","859","CONTAINS","36.0","25.89"
,,,,,,,,,,,"650","842","CONTAINS","5.0","6.0"
,,,,,,,,,,,"651","868","CONTAINS","8.0","18.0"
,,,,,,,,,,,"652","899","CONTAINS","3.0","15.0"
,,,,,,,,,,,"653","870","CONTAINS","30.0","9.65"
,,,,,,,,,,,"653","900","CONTAINS","30.0","21.5"
,,,,,,,,,,,"654","884","CONTAINS","30.0","24.0"
,,,,,,,,,,,"654","891","CONTAINS","6.0","49.3"
,,,,,,,,,,,"655","842","CONTAINS","40.0","6.0"
,,,,,,,,,,,"655","894","CONTAINS","21.0","21.05"
,,,,,,,,,,,"655","897","CONTAINS","20.0","12.5"
,,,,,,,,,,,"656","887","CONTAINS","15.0","13.25"
,,,,,,,,,,,"656","891","CONTAINS","35.0","49.3"
,,,,,,,,,,,"657","830","CONTAINS","20.0","18.0"
,,,,,,,,,,,"658","890","CONTAINS","15.0","28.5"
,,,,,,,,,,,"659","904","CONTAINS","14.0","7.75"
,,,,,,,,,,,"660","836","CONTAINS","20.0","30.0"
,,,,,,,,,,,"660","881","CONTAINS","14.0","7.0"
,,,,,,,,,,,"661","836","CONTAINS","12.0","30.0"
,,,,,,,,,,,"661","845","CONTAINS","15.0","17.45"
,,,,,,,,,,,"661","870","CONTAINS","5.0","9.65"
,,,,,,,,,,,"662","848","CONTAINS","12.0","9.2"
,,,,,,,,,,,"662","878","CONTAINS","10.0","20.0"
,,,,,,,,,,,"662","890","CONTAINS","5.0","28.5"
,,,,,,,,,,,"663","830","CONTAINS","10.0","18.0"
,,,,,,,,,,,"663","846","CONTAINS","12.0","39.0"
,,,,,,,,,,,"663","896","CONTAINS","15.0","14.0"
,,,,,,,,,,,"664","840","CONTAINS","40.0","21.0"
,,,,,,,,,,,"664","858","CONTAINS","60.0","123.79"
,,,,,,,,,,,"665","833","CONTAINS","30.0","22.0"
,,,,,,,,,,,"665","862","CONTAINS","40.0","2.5"
,,,,,,,,,,,"665","887","CONTAINS","15.0","13.25"
,,,,,,,,,,,"666","900","CONTAINS","25.0","21.5"
,,,,,,,,,,,"667","846","CONTAINS","10.0","39.0"
,,,,,,,,,,,"667","862","CONTAINS","30.0","2.5"
,,,,,,,,,,,"667","883","CONTAINS","10.0","7.45"
,,,,,,,,,,,"668","845","CONTAINS","6.0","17.45"
,,,,,,,,,,,"668","861","CONTAINS","6.0","32.0"
,,,,,,,,,,,"668","886","CONTAINS","20.0","19.5"
,,,,,,,,,,,"669","859","CONTAINS","1.0","25.89"
,,,,,,,,,,,"669","889","CONTAINS","10.0","34.0"
,,,,,,,,,,,"670","830","CONTAINS","60.0","18.0"
,,,,,,,,,,,"670","889","CONTAINS","25.0","34.0"
,,,,,,,,,,,"671","845","CONTAINS","24.0","17.45"
,,,,,,,,,,,"671","854","CONTAINS","24.0","14.0"
,,,,,,,,,,,"671","869","CONTAINS","20.0","18.4"
,,,,,,,,,,,"672","879","CONTAINS","24.0","16.25"
,,,,,,,,,,,"673","864","CONTAINS","10.0","18.0"
,,,,,,,,,,,"673","892","CONTAINS","40.0","43.9"
,,,,,,,,,,,"674","846","CONTAINS","15.0","39.0"
,,,,,,,,,,,"674","853","CONTAINS","35.0","4.5"
,,,,,,,,,,,"675","871","CONTAINS","10.0","14.0"
,,,,,,,,,,,"675","872","CONTAINS","10.0","46.0"
,,,,,,,,,,,"675","896","CONTAINS","24.0","14.0"
,,,,,,,,,,,"676","839","CONTAINS","20.0","31.0"
,,,,,,,,,,,"676","857","CONTAINS","30.0","45.6"
,,,,,,,,,,,"676","904","CONTAINS","6.0","7.75"
,,,,,,,,,,,"677","865","CONTAINS","25.0","19.0"
,,,,,,,,,,,"677","881","CONTAINS","12.0","7.0"
,,,,,,,,,,,"678","840","CONTAINS","2.0","21.0"
,,,,,,,,,,,"678","842","CONTAINS","10.0","6.0"
,,,,,,,,,,,"678","848","CONTAINS","7.0","9.2"
,,,,,,,,,,,"678","901","CONTAINS","10.0","34.8"
,,,,,,,,,,,"679","849","CONTAINS","5.0","81.0"
,,,,,,,,,,,"679","881","CONTAINS","5.0","7.0"
,,,,,,,,,,,"679","905","CONTAINS","20.0","18.0"
,,,,,,,,,,,"680","876","CONTAINS","5.0","9.5"
,,,,,,,,,,,"680","905","CONTAINS","5.0","18.0"
,,,,,,,,,,,"681","850","CONTAINS","60.0","10.0"
,,,,,,,,,,,"681","904","CONTAINS","49.0","7.75"
,,,,,,,,,,,"681","906","CONTAINS","15.0","13.0"
,,,,,,,,,,,"682","850","CONTAINS","36.0","10.0"
,,,,,,,,,,,"682","856","CONTAINS","25.0","43.9"
,,,,,,,,,,,"682","884","CONTAINS","25.0","24.0"
,,,,,,,,,,,"682","887","CONTAINS","30.0","13.25"
,,,,,,,,,,,"683","842","CONTAINS","42.0","6.0"
,,,,,,,,,,,"683","886","CONTAINS","30.0","19.5"
,,,,,,,,,,,"684","845","CONTAINS","30.0","17.45"
,,,,,,,,,,,"684","891","CONTAINS","14.0","49.3"
,,,,,,,,,,,"684","901","CONTAINS","16.0","34.8"
,,,,,,,,,,,"684","904","CONTAINS","20.0","7.75"
,,,,,,,,,,,"685","882","CONTAINS","2.0","32.8"
,,,,,,,,,,,"685","890","CONTAINS","30.0","28.5"
,,,,,,,,,,,"686","835","CONTAINS","20.0","25.0"
,,,,,,,,,,,"687","830","CONTAINS","21.0","18.0"
,,,,,,,,,,,"687","847","CONTAINS","4.0","62.5"
,,,,,,,,,,,"687","852","CONTAINS","8.0","9.0"
,,,,,,,,,,,"688","865","CONTAINS","30.0","19.0"
,,,,,,,,,,,"689","857","CONTAINS","8.0","45.6"
,,,,,,,,,,,"689","863","CONTAINS","20.0","14.0"
,,,,,,,,,,,"690","842","CONTAINS","20.0","6.0"
,,,,,,,,,,,"690","872","CONTAINS","24.0","46.0"
,,,,,,,,,,,"690","889","CONTAINS","49.0","34.0"
,,,,,,,,,,,"690","900","CONTAINS","35.0","21.5"
,,,,,,,,,,,"691","831","CONTAINS","10.0","19.0"
,,,,,,,,,,,"691","896","CONTAINS","40.0","14.0"
,,,,,,,,,,,"692","836","CONTAINS","8.0","30.0"
,,,,,,,,,,,"692","842","CONTAINS","20.0","6.0"
,,,,,,,,,,,"693","860","CONTAINS","44.0","12.5"
,,,,,,,,,,,"693","891","CONTAINS","30.0","49.3"
,,,,,,,,,,,"693","897","CONTAINS","80.0","12.5"
,,,,,,,,,,,"693","901","CONTAINS","50.0","34.8"
,,,,,,,,,,,"694","878","CONTAINS","28.0","20.0"
,,,,,,,,,,,"695","842","CONTAINS","15.0","6.0"
,,,,,,,,,,,"695","851","CONTAINS","21.0","21.0"
,,,,,,,,,,,"695","875","CONTAINS","15.0","12.0"
,,,,,,,,,,,"696","840","CONTAINS","5.0","21.0"
,,,,,,,,,,,"696","873","CONTAINS","18.0","19.45"
,,,,,,,,,,,"696","885","CONTAINS","18.0","38.0"
,,,,,,,,,,,"697","842","CONTAINS","20.0","6.0"
,,,,,,,,,,,"697","860","CONTAINS","10.0","12.5"
,,,,,,,,,,,"698","839","CONTAINS","25.0","31.0"
,,,,,,,,,,,"698","853","CONTAINS","25.0","4.5"
,,,,,,,,,,,"698","906","CONTAINS","40.0","13.0"
,,,,,,,,,,,"699","888","CONTAINS","4.0","55.0"
,,,,,,,,,,,"700","879","CONTAINS","9.0","16.25"
,,,,,,,,,,,"700","880","CONTAINS","40.0","53.0"
,,,,,,,,,,,"700","884","CONTAINS","4.0","24.0"
,,,,,,,,,,,"701","835","CONTAINS","12.0","25.0"
,,,,,,,,,,,"701","839","CONTAINS","30.0","31.0"
,,,,,,,,,,,"701","846","CONTAINS","6.0","39.0"
,,,,,,,,,,,"701","891","CONTAINS","60.0","49.3"
,,,,,,,,,,,"702","833","CONTAINS","5.0","22.0"
,,,,,,,,,,,"703","862","CONTAINS","15.0","2.5"
,,,,,,,,,,,"703","870","CONTAINS","6.0","9.65"
,,,,,,,,,,,"703","904","CONTAINS","50.0","7.75"
,,,,,,,,,,,"704","835","CONTAINS","16.0","25.0"
,,,,,,,,,,,"704","857","CONTAINS","2.0","45.6"
,,,,,,,,,,,"705","849","CONTAINS","50.0","81.0"
,,,,,,,,,,,"705","860","CONTAINS","50.0","12.5"
,,,,,,,,,,,"706","845","CONTAINS","28.0","17.45"
,,,,,,,,,,,"706","860","CONTAINS","25.0","12.5"
,,,,,,,,,,,"706","874","CONTAINS","30.0","9.5"
,,,,,,,,,,,"706","889","CONTAINS","24.0","34.0"
,,,,,,,,,,,"707","904","CONTAINS","12.0","7.75"
,,,,,,,,,,,"708","850","CONTAINS","12.0","10.0"
,,,,,,,,,,,"708","876","CONTAINS","14.0","9.5"
,,,,,,,,,,,"708","880","CONTAINS","8.0","53.0"
,,,,,,,,,,,"709","859","CONTAINS","30.0","25.89"
,,,,,,,,,,,"709","864","CONTAINS","40.0","18.0"
,,,,,,,,,,,"709","893","CONTAINS","8.0","33.25"
,,,,,,,,,,,"710","834","CONTAINS","20.0","21.35"
,,,,,,,,,,,"710","836","CONTAINS","6.0","30.0"
,,,,,,,,,,,"710","901","CONTAINS","5.0","34.8"
,,,,,,,,,,,"711","904","CONTAINS","20.0","7.75"
,,,,,,,,,,,"712","853","CONTAINS","10.0","4.5"
,,,,,,,,,,,"712","870","CONTAINS","24.0","9.65"
,,,,,,,,,,,"713","881","CONTAINS","6.0","7.0"
,,,,,,,,,,,"713","905","CONTAINS","60.0","18.0"
,,,,,,,,,,,"714","836","CONTAINS","45.0","30.0"
,,,,,,,,,,,"714","842","CONTAINS","77.0","6.0"
,,,,,,,,,,,"714","882","CONTAINS","20.0","32.8"
,,,,,,,,,,,"714","898","CONTAINS","9.0","36.0"
,,,,,,,,,,,"714","905","CONTAINS","44.0","18.0"
,,,,,,,,,,,"715","889","CONTAINS","2.0","34.0"
,,,,,,,,,,,"716","847","CONTAINS","6.0","62.5"
,,,,,,,,,,,"716","867","CONTAINS","5.0","263.5"
,,,,,,,,,,,"716","898","CONTAINS","10.0","36.0"
,,,,,,,,,,,"717","880","CONTAINS","16.0","53.0"
,,,,,,,,,,,"718","866","CONTAINS","8.0","26.0"
,,,,,,,,,,,"718","885","CONTAINS","12.0","38.0"
,,,,,,,,,,,"718","891","CONTAINS","12.0","49.3"
,,,,,,,,,,,"719","848","CONTAINS","12.0","9.2"
,,,,,,,,,,,"719","878","CONTAINS","40.0","20.0"
,,,,,,,,,,,"720","841","CONTAINS","30.0","38.0"
,,,,,,,,,,,"720","853","CONTAINS","30.0","4.5"
,,,,,,,,,,,"720","893","CONTAINS","4.0","33.25"
,,,,,,,,,,,"721","875","CONTAINS","9.0","12.0"
,,,,,,,,,,,"722","881","CONTAINS","40.0","7.0"
,,,,,,,,,,,"723","858","CONTAINS","14.0","123.79"
,,,,,,,,,,,"724","846","CONTAINS","6.0","39.0"
,,,,,,,,,,,"724","862","CONTAINS","7.0","2.5"
,,,,,,,,,,,"725","855","CONTAINS","5.0","31.23"
,,,,,,,,,,,"725","870","CONTAINS","6.0","9.65"
,,,,,,,,,,,"725","904","CONTAINS","10.0","7.75"
,,,,,,,,,,,"726","892","CONTAINS","10.0","43.9"
,,,,,,,,,,,"727","837","CONTAINS","16.0","40.0"
,,,,,,,,,,,"727","904","CONTAINS","10.0","7.75"
,,,,,,,,,,,"728","857","CONTAINS","20.0","45.6"
,,,,,,,,,,,"729","868","CONTAINS","30.0","18.0"
,,,,,,,,,,,"729","876","CONTAINS","30.0","9.5"
,,,,,,,,,,,"729","880","CONTAINS","10.0","53.0"
,,,,,,,,,,,"729","892","CONTAINS","20.0","43.9"
,,,,,,,,,,,"730","837","CONTAINS","20.0","40.0"
,,,,,,,,,,,"730","850","CONTAINS","40.0","10.0"
,,,,,,,,,,,"730","869","CONTAINS","10.0","18.4"
,,,,,,,,,,,"730","873","CONTAINS","6.0","19.45"
,,,,,,,,,,,"731","836","CONTAINS","18.0","30.0"
,,,,,,,,,,,"731","841","CONTAINS","20.0","38.0"
,,,,,,,,,,,"731","853","CONTAINS","80.0","4.5"
,,,,,,,,,,,"731","856","CONTAINS","30.0","43.9"
,,,,,,,,,,,"731","860","CONTAINS","24.0","12.5"
,,,,,,,,,,,"731","892","CONTAINS","35.0","43.9"
,,,,,,,,,,,"732","904","CONTAINS","40.0","7.75"
,,,,,,,,,,,"733","867","CONTAINS","60.0","263.5"
,,,,,,,,,,,"734","836","CONTAINS","20.0","30.0"
,,,,,,,,,,,"734","872","CONTAINS","9.0","46.0"
,,,,,,,,,,,"735","842","CONTAINS","84.0","6.0"
,,,,,,,,,,,"735","886","CONTAINS","15.0","19.5"
,,,,,,,,,,,"736","845","CONTAINS","55.0","17.45"
,,,,,,,,,,,"736","853","CONTAINS","20.0","4.5"
,,,,,,,,,,,"736","865","CONTAINS","40.0","19.0"
,,,,,,,,,,,"737","845","CONTAINS","36.0","17.45"
,,,,,,,,,,,"737","847","CONTAINS","8.0","62.5"
,,,,,,,,,,,"737","861","CONTAINS","35.0","32.0"
,,,,,,,,,,,"738","840","CONTAINS","30.0","21.0"
,,,,,,,,,,,"738","849","CONTAINS","15.0","81.0"
,,,,,,,,,,,"738","905","CONTAINS","10.0","18.0"
,,,,,,,,,,,"738","906","CONTAINS","15.0","13.0"
,,,,,,,,,,,"739","836","CONTAINS","60.0","30.0"
,,,,,,,,,,,"739","872","CONTAINS","6.0","46.0"
,,,,,,,,,,,"739","901","CONTAINS","20.0","34.8"
,,,,,,,,,,,"740","836","CONTAINS","60.0","30.0"
,,,,,,,,,,,"740","891","CONTAINS","40.0","49.3"
,,,,,,,,,,,"741","835","CONTAINS","40.0","25.0"
,,,,,,,,,,,"741","840","CONTAINS","15.0","21.0"
,,,,,,,,,,,"741","870","CONTAINS","4.0","9.65"
,,,,,,,,,,,"742","850","CONTAINS","65.0","10.0"
,,,,,,,,,,,"742","863","CONTAINS","60.0","14.0"
,,,,,,,,,,,"742","884","CONTAINS","65.0","24.0"
,,,,,,,,,,,"742","890","CONTAINS","66.0","28.5"
,,,,,,,,,,,"743","831","CONTAINS","50.0","19.0"
,,,,,,,,,,,"743","899","CONTAINS","20.0","15.0"
,,,,,,,,,,,"743","905","CONTAINS","90.0","18.0"
,,,,,,,,,,,"744","901","CONTAINS","2.0","34.8"
,,,,,,,,,,,"745","858","CONTAINS","50.0","123.79"
,,,,,,,,,,,"745","870","CONTAINS","35.0","9.65"
,,,,,,,,,,,"746","888","CONTAINS","18.0","55.0"
,,,,,,,,,,,"747","880","CONTAINS","20.0","53.0"
,,,,,,,,,,,"747","889","CONTAINS","4.0","34.0"
,,,,,,,,,,,"748","871","CONTAINS","40.0","14.0"
,,,,,,,,,,,"749","861","CONTAINS","50.0","32.0"
,,,,,,,,,,,"749","875","CONTAINS","20.0","12.0"
,,,,,,,,,,,"749","881","CONTAINS","20.0","7.0"
,,,,,,,,,,,"750","853","CONTAINS","12.0","4.5"
,,,,,,,,,,,"750","890","CONTAINS","7.0","28.5"
,,,,,,,,,,,"750","903","CONTAINS","20.0","10.0"
,,,,,,,,,,,"750","904","CONTAINS","30.0","7.75"
,,,,,,,,,,,"751","870","CONTAINS","20.0","9.65"
,,,,,,,,,,,"751","880","CONTAINS","15.0","53.0"
,,,,,,,,,,,"751","906","CONTAINS","21.0","13.0"
,,,,,,,,,,,"752","833","CONTAINS","25.0","22.0"
,,,,,,,,,,,"752","853","CONTAINS","30.0","4.5"
,,,,,,,,,,,"752","906","CONTAINS","30.0","13.0"
,,,,,,,,,,,"753","836","CONTAINS","60.0","30.0"
,,,,,,,,,,,"753","851","CONTAINS","25.0","21.0"
,,,,,,,,,,,"753","875","CONTAINS","25.0","12.0"
,,,,,,,,,,,"753","884","CONTAINS","6.0","24.0"
,,,,,,,,,,,"754","842","CONTAINS","56.0","6.0"
,,,,,,,,,,,"754","864","CONTAINS","15.0","18.0"
,,,,,,,,,,,"754","871","CONTAINS","24.0","14.0"
,,,,,,,,,,,"754","884","CONTAINS","40.0","24.0"
,,,,,,,,,,,"755","830","CONTAINS","4.0","18.0"
,,,,,,,,,,,"755","869","CONTAINS","10.0","18.4"
,,,,,,,,,,,"755","881","CONTAINS","10.0","7.0"
,,,,,,,,,,,"756","855","CONTAINS","6.0","31.23"
,,,,,,,,,,,"756","905","CONTAINS","6.0","18.0"
,,,,,,,,,,,"757","830","CONTAINS","2.0","18.0"
,,,,,,,,,,,"757","888","CONTAINS","10.0","55.0"
,,,,,,,,,,,"758","830","CONTAINS","8.0","18.0"
,,,,,,,,,,,"758","858","CONTAINS","2.0","123.79"
,,,,,,,,,,,"759","837","CONTAINS","30.0","40.0"
,,,,,,,,,,,"759","858","CONTAINS","10.0","123.79"
,,,,,,,,,,,"759","871","CONTAINS","14.0","14.0"
,,,,,,,,,,,"760","857","CONTAINS","70.0","45.6"
,,,,,,,,,,,"760","863","CONTAINS","90.0","14.0"
,,,,,,,,,,,"760","900","CONTAINS","21.0","21.5"
,,,,,,,,,,,"761","853","CONTAINS","12.0","4.5"
,,,,,,,,,,,"761","865","CONTAINS","18.0","19.0"
,,,,,,,,,,,"761","889","CONTAINS","9.0","34.0"
,,,,,,,,,,,"762","836","CONTAINS","20.0","30.0"
,,,,,,,,,,,"762","853","CONTAINS","10.0","4.5"
,,,,,,,,,,,"763","887","CONTAINS","40.0","13.25"
,,,,,,,,,,,"763","900","CONTAINS","20.0","21.5"
,,,,,,,,,,,"764","848","CONTAINS","50.0","9.2"
,,,,,,,,,,,"764","889","CONTAINS","36.0","34.0"
,,,,,,,,,,,"764","900","CONTAINS","60.0","21.5"
,,,,,,,,,,,"765","852","CONTAINS","10.0","9.0"
,,,,,,,,,,,"765","871","CONTAINS","4.0","14.0"
,,,,,,,,,,,"765","874","CONTAINS","20.0","9.5"
,,,,,,,,,,,"765","897","CONTAINS","2.0","12.5"
,,,,,,,,,,,"766","870","CONTAINS","28.0","9.65"
,,,,,,,,,,,"767","859","CONTAINS","15.0","25.89"
,,,,,,,,,,,"767","906","CONTAINS","18.0","13.0"
,,,,,,,,,,,"768","860","CONTAINS","15.0","12.5"
,,,,,,,,,,,"768","865","CONTAINS","16.0","19.0"
,,,,,,,,,,,"769","832","CONTAINS","25.0","10.0"
,,,,,,,,,,,"769","888","CONTAINS","110.0","55.0"
,,,,,,,,,,,"769","899","CONTAINS","30.0","15.0"
,,,,,,,,,,,"770","841","CONTAINS","20.0","38.0"
,,,,,,,,,,,"770","847","CONTAINS","10.0","62.5"
,,,,,,,,,,,"770","885","CONTAINS","5.0","38.0"
,,,,,,,,,,,"771","875","CONTAINS","3.0","12.0"
,,,,,,,,,,,"771","878","CONTAINS","2.0","20.0"
,,,,,,,,,,,"772","839","CONTAINS","24.0","31.0"
,,,,,,,,,,,"773","831","CONTAINS","11.0","19.0"
,,,,,,,,,,,"773","849","CONTAINS","15.0","81.0"
,,,,,,,,,,,"773","855","CONTAINS","63.0","31.23"
,,,,,,,,,,,"773","880","CONTAINS","44.0","53.0"
,,,,,,,,,,,"773","901","CONTAINS","35.0","34.8"
,,,,,,,,,,,"774","848","CONTAINS","35.0","9.2"
,,,,,,,,,,,"774","898","CONTAINS","30.0","36.0"
,,,,,,,,,,,"775","836","CONTAINS","4.0","30.0"
,,,,,,,,,,,"775","872","CONTAINS","30.0","46.0"
,,,,,,,,,,,"776","855","CONTAINS","12.0","31.23"
,,,,,,,,,,,"776","862","CONTAINS","30.0","2.5"
,,,,,,,,,,,"776","894","CONTAINS","21.0","21.05"
,,,,,,,,,,,"776","900","CONTAINS","50.0","21.5"
,,,,,,,,,,,"777","830","CONTAINS","10.0","18.0"
,,,,,,,,,,,"777","842","CONTAINS","20.0","6.0"
,,,,,,,,,,,"778","847","CONTAINS","8.0","62.5"
,,,,,,,,,,,"778","880","CONTAINS","10.0","53.0"
,,,,,,,,,,,"779","853","CONTAINS","30.0","4.5"
,,,,,,,,,,,"779","891","CONTAINS","21.0","49.3"
,,,,,,,,,,,"780","884","CONTAINS","35.0","24.0"
,,,,,,,,,,,"780","888","CONTAINS","24.0","55.0"
,,,,,,,,,,,"781","885","CONTAINS","20.0","38.0"
,,,,,,,,,,,"781","892","CONTAINS","12.0","43.9"
,,,,,,,,,,,"782","831","CONTAINS","100.0","19.0"
,,,,,,,,,,,"782","834","CONTAINS","70.0","21.35"
,,,,,,,,,,,"782","858","CONTAINS","60.0","123.79"
,,,,,,,,,,,"782","888","CONTAINS","100.0","55.0"
,,,,,,,,,,,"783","830","CONTAINS","45.0","18.0"
,,,,,,,,,,,"783","842","CONTAINS","80.0","6.0"
,,,,,,,,,,,"783","853","CONTAINS","21.0","4.5"
,,,,,,,,,,,"783","893","CONTAINS","20.0","33.25"
,,,,,,,,,,,"783","900","CONTAINS","16.0","21.5"
,,,,,,,,,,,"784","865","CONTAINS","35.0","19.0"
,,,,,,,,,,,"784","867","CONTAINS","25.0","263.5"
,,,,,,,,,,,"784","888","CONTAINS","30.0","55.0"
,,,,,,,,,,,"785","882","CONTAINS","70.0","32.8"
,,,,,,,,,,,"785","898","CONTAINS","36.0","36.0"
,,,,,,,,,,,"786","850","CONTAINS","15.0","10.0"
,,,,,,,,,,,"786","873","CONTAINS","12.0","19.45"
,,,,,,,,,,,"786","890","CONTAINS","6.0","28.5"
,,,,,,,,,,,"787","830","CONTAINS","10.0","18.0"
,,,,,,,,,,,"787","864","CONTAINS","60.0","18.0"
,,,,,,,,,,,"787","871","CONTAINS","30.0","14.0"
,,,,,,,,,,,"787","883","CONTAINS","10.0","7.45"
,,,,,,,,,,,"788","842","CONTAINS","7.0","6.0"
,,,,,,,,,,,"788","888","CONTAINS","30.0","55.0"
,,,,,,,,,,,"789","899","CONTAINS","4.0","15.0"
,,,,,,,,,,,"790","869","CONTAINS","5.0","18.4"
,,,,,,,,,,,"790","881","CONTAINS","2.0","7.0"
,,,,,,,,,,,"790","900","CONTAINS","30.0","21.5"
,,,,,,,,,,,"791","857","CONTAINS","20.0","45.6"
,,,,,,,,,,,"791","864","CONTAINS","24.0","18.0"
,,,,,,,,,,,"791","878","CONTAINS","60.0","20.0"
,,,,,,,,,,,"791","886","CONTAINS","28.0","19.5"
,,,,,,,,,,,"792","850","CONTAINS","20.0","10.0"
,,,,,,,,,,,"793","831","CONTAINS","30.0","19.0"
,,,,,,,,,,,"793","892","CONTAINS","30.0","43.9"
,,,,,,,,,,,"794","873","CONTAINS","15.0","19.45"
,,,,,,,,,,,"794","890","CONTAINS","4.0","28.5"
,,,,,,,,,,,"795","840","CONTAINS","10.0","21.0"
,,,,,,,,,,,"796","891","CONTAINS","12.0","49.3"
,,,,,,,,,,,"797","862","CONTAINS","15.0","2.5"
,,,,,,,,,,,"797","880","CONTAINS","24.0","53.0"
,,,,,,,,,,,"798","841","CONTAINS","20.0","38.0"
,,,,,,,,,,,"798","861","CONTAINS","15.0","32.0"
,,,,,,,,,,,"798","864","CONTAINS","18.0","18.0"
,,,,,,,,,,,"799","830","CONTAINS","25.0","18.0"
,,,,,,,,,,,"799","834","CONTAINS","30.0","21.35"
,,,,,,,,,,,"800","897","CONTAINS","42.0","12.5"
,,,,,,,,,,,"801","831","CONTAINS","10.0","19.0"
,,,,,,,,,,,"801","841","CONTAINS","4.0","38.0"
,,,,,,,,,,,"802","905","CONTAINS","50.0","18.0"
,,,,,,,,,,,"803","853","CONTAINS","10.0","4.5"
,,,,,,,,,,,"804","872","CONTAINS","30.0","46.0"
,,,,,,,,,,,"804","890","CONTAINS","10.0","28.5"
,,,,,,,,,,,"805","847","CONTAINS","35.0","62.5"
,,,,,,,,,,,"805","861","CONTAINS","20.0","32.0"
,,,,,,,,,,,"805","893","CONTAINS","25.0","33.25"
,,,,,,,,,,,"806","862","CONTAINS","10.0","2.5"
,,,,,,,,,,,"806","896","CONTAINS","20.0","14.0"
,,,,,,,,,,,"807","853","CONTAINS","15.0","4.5"
,,,,,,,,,,,"807","854","CONTAINS","15.0","14.0"
,,,,,,,,,,,"807","880","CONTAINS","20.0","53.0"
,,,,,,,,,,,"807","886","CONTAINS","20.0","19.5"
,,,,,,,,,,,"808","836","CONTAINS","40.0","30.0"
,,,,,,,,,,,"808","884","CONTAINS","35.0","24.0"
,,,,,,,,,,,"808","889","CONTAINS","50.0","34.0"
,,,,,,,,,,,"809","899","CONTAINS","3.0","15.0"
,,,,,,,,,,,"810","850","CONTAINS","3.0","10.0"
,,,,,,,,,,,"810","889","CONTAINS","21.0","34.0"
,,,,,,,,,,,"810","890","CONTAINS","4.0","28.5"
,,,,,,,,,,,"811","842","CONTAINS","30.0","6.0"
,,,,,,,,,,,"811","846","CONTAINS","12.0","39.0"
,,,,,,,,,,,"811","889","CONTAINS","35.0","34.0"
,,,,,,,,,,,"812","889","CONTAINS","4.0","34.0"
,,,,,,,,,,,"812","906","CONTAINS","10.0","13.0"
,,,,,,,,,,,"813","889","CONTAINS","15.0","34.0"
,,,,,,,,,,,"814","882","CONTAINS","10.0","32.8"
,,,,,,,,,,,"814","899","CONTAINS","12.0","15.0"
,,,,,,,,,,,"815","863","CONTAINS","30.0","14.0"
,,,,,,,,,,,"815","869","CONTAINS","40.0","18.4"
,,,,,,,,,,,"815","870","CONTAINS","30.0","9.65"
,,,,,,,,,,,"816","846","CONTAINS","77.0","39.0"
,,,,,,,,,,,"816","870","CONTAINS","12.0","9.65"
,,,,,,,,,,,"816","882","CONTAINS","25.0","32.8"
,,,,,,,,,,,"816","884","CONTAINS","4.0","24.0"
,,,,,,,,,,,"816","897","CONTAINS","55.0","12.5"
,,,,,,,,,,,"817","859","CONTAINS","4.0","25.89"
,,,,,,,,,,,"817","883","CONTAINS","20.0","7.45"
,,,,,,,,,,,"818","845","CONTAINS","3.0","17.45"
,,,,,,,,,,,"818","848","CONTAINS","42.0","9.2"
,,,,,,,,,,,"818","863","CONTAINS","35.0","14.0"
,,,,,,,,,,,"819","870","CONTAINS","9.0","9.65"
,,,,,,,,,,,"820","857","CONTAINS","8.0","45.6"
,,,,,,,,,,,"820","872","CONTAINS","36.0","46.0"
,,,,,,,,,,,"820","906","CONTAINS","28.0","13.0"
,,,,,,,,,,,"821","868","CONTAINS","20.0","18.0"
,,,,,,,,,,,"822","830","CONTAINS","40.0","18.0"
,,,,,,,,,,,"822","831","CONTAINS","20.0","19.0"
,,,,,,,,,,,"822","845","CONTAINS","30.0","17.45"
,,,,,,,,,,,"822","860","CONTAINS","20.0","12.5"
,,,,,,,,,,,"823","836","CONTAINS","15.0","30.0"
,,,,,,,,,,,"823","842","CONTAINS","10.0","6.0"
,,,,,,,,,,,"824","831","CONTAINS","8.0","19.0"
,,,,,,,,,,,"824","870","CONTAINS","40.0","9.65"
,,,,,,,,,,,"824","879","CONTAINS","22.0","16.25"
,,,,,,,,,,,"824","893","CONTAINS","130.0","33.25"
,,,,,,,,,,,"825","840","CONTAINS","10.0","21.0"
,,,,,,,,,,,"825","853","CONTAINS","20.0","4.5"
,,,,,,,,,,,"826","845","CONTAINS","14.0","17.45"
,,,,,,,,,,,"827","831","CONTAINS","10.0","19.0"
,,,,,,,,,,,"827","875","CONTAINS","30.0","12.0"
,,,,,,,,,,,"827","905","CONTAINS","2.0","18.0"
,,,,,,,,,,,"828","835","CONTAINS","20.0","25.0"
,,,,,,,,,,,"828","843","CONTAINS","20.0","23.25"
,,,,,,,,,,,"828","848","CONTAINS","10.0","9.2"
,,,,,,,,,,,"829","831","CONTAINS","24.0","19.0"
,,,,,,,,,,,"829","832","CONTAINS","4.0","10.0"
,,,,,,,,,,,"829","833","CONTAINS","1.0","22.0"
,,,,,,,,,,,"829","835","CONTAINS","1.0","25.0"
,,,,,,,,,,,"829","836","CONTAINS","1.0","30.0"
,,,,,,,,,,,"829","837","CONTAINS","2.0","40.0"
,,,,,,,,,,,"829","839","CONTAINS","1.0","31.0"
,,,,,,,,,,,"829","841","CONTAINS","2.0","38.0"
,,,,,,,,,,,"829","842","CONTAINS","4.0","6.0"
,,,,,,,,,,,"829","843","CONTAINS","1.0","23.25"
,,,,,,,,,,,"829","845","CONTAINS","2.0","17.45"
,,,,,,,,,,,"829","849","CONTAINS","1.0","81.0"
,,,,,,,,,,,"829","852","CONTAINS","2.0","9.0"
,,,,,,,,,,,"829","861","CONTAINS","1.0","32.0"
,,,,,,,,,,,"829","868","CONTAINS","2.0","18.0"
,,,,,,,,,,,"829","870","CONTAINS","3.0","9.65"
,,,,,,,,,,,"829","875","CONTAINS","3.0","12.0"
,,,,,,,,,,,"829","881","CONTAINS","2.0","7.0"
,,,,,,,,,,,"829","884","CONTAINS","2.0","24.0"
,,,,,,,,,,,"829","889","CONTAINS","2.0","34.0"
,,,,,,,,,,,"829","893","CONTAINS","2.0","33.25"
,,,,,,,,,,,"829","895","CONTAINS","1.0","17.0"
,,,,,,,,,,,"829","902","CONTAINS","2.0","15.0"
,,,,,,,,,,,"829","904","CONTAINS","4.0","7.75"
,,,,,,,,,,,"829","906","CONTAINS","2.0","13.0"
,,,,,,,,,,,"911","0","SOLD","",""
,,,,,,,,,,,"912","1","SOLD","",""
,,,,,,,,,,,"910","2","SOLD","",""
,,,,,,,,,,,"909","3","SOLD","",""
,,,,,,,,,,,"910","4","SOLD","",""
,,,,,,,,,,,"909","5","SOLD","",""
,,,,,,,,,,,"911","6","SOLD","",""
,,,,,,,,,,,"915","7","SOLD","",""
,,,,,,,,,,,"909","8","SOLD","",""
,,,,,,,,,,,"910","9","SOLD","",""
,,,,,,,,,,,"907","10","SOLD","",""
,,,,,,,,,,,"910","11","SOLD","",""
,,,,,,,,,,,"910","12","SOLD","",""
,,,,,,,,,,,"910","13","SOLD","",""
,,,,,,,,,,,"914","14","SOLD","",""
,,,,,,,,,,,"915","15","SOLD","",""
,,,,,,,,,,,"912","16","SOLD","",""
,,,,,,,,,,,"908","17","SOLD","",""
,,,,,,,,,,,"909","18","SOLD","",""
,,,,,,,,,,,"910","19","SOLD","",""
,,,,,,,,,,,"914","20","SOLD","",""
,,,,,,,,,,,"911","21","SOLD","",""
,,,,,,,,,,,"907","22","SOLD","",""
,,,,,,,,,,,"912","23","SOLD","",""
,,,,,,,,,,,"912","24","SOLD","",""
,,,,,,,,,,,"909","25","SOLD","",""
,,,,,,,,,,,"912","26","SOLD","",""
,,,,,,,,,,,"907","27","SOLD","",""
,,,,,,,,,,,"914","28","SOLD","",""
,,,,,,,,,,,"908","29","SOLD","",""
,,,,,,,,,,,"914","30","SOLD","",""
,,,,,,,,,,,"914","31","SOLD","",""
,,,,,,,,,,,"908","32","SOLD","",""
,,,,,,,,,,,"910","33","SOLD","",""
,,,,,,,,,,,"910","34","SOLD","",""
,,,,,,,,,,,"909","35","SOLD","",""
,,,,,,,,,,,"910","36","SOLD","",""
,,,,,,,,,,,"907","37","SOLD","",""
,,,,,,,,,,,"914","38","SOLD","",""
,,,,,,,,,,,"914","39","SOLD","",""
,,,,,,,,,,,"910","40","SOLD","",""
,,,,,,,,,,,"913","41","SOLD","",""
,,,,,,,,,,,"914","42","SOLD","",""
,,,,,,,,,,,"912","43","SOLD","",""
,,,,,,,,,,,"907","44","SOLD","",""
,,,,,,,,,,,"907","45","SOLD","",""
,,,,,,,,,,,"910","46","SOLD","",""
,,,,,,,,,,,"908","47","SOLD","",""
,,,,,,,,,,,"912","48","SOLD","",""
,,,,,,,,,,,"911","49","SOLD","",""
,,,,,,,,,,,"912","50","SOLD","",""
,,,,,,,,,,,"910","51","SOLD","",""
,,,,,,,,,,,"908","52","SOLD","",""
,,,,,,,,,,,"914","53","SOLD","",""
,,,,,,,,,,,"910","54","SOLD","",""
,,,,,,,,,,,"913","55","SOLD","",""
,,,,,,,,,,,"907","56","SOLD","",""
,,,,,,,,,,,"914","57","SOLD","",""
,,,,,,,,,,,"907","58","SOLD","",""
,,,,,,,,,,,"908","59","SOLD","",""
,,,,,,,,,,,"913","60","SOLD","",""
,,,,,,,,,,,"909","61","SOLD","",""
,,,,,,,,,,,"914","62","SOLD","",""
,,,,,,,,,,,"907","63","SOLD","",""
,,,,,,,,,,,"908","64","SOLD","",""
,,,,,,,,,,,"908","65","SOLD","",""
,,,,,,,,,,,"907","66","SOLD","",""
,,,,,,,,,,,"910","67","SOLD","",""
,,,,,,,,,,,"907","68","SOLD","",""
,,,,,,,,,,,"912","69","SOLD","",""
,,,,,,,,,,,"914","70","SOLD","",""
,,,,,,,,,,,"913","71","SOLD","",""
,,,,,,,,,,,"911","72","SOLD","",""
,,,,,,,,,,,"909","73","SOLD","",""
,,,,,,,,,,,"913","74","SOLD","",""
,,,,,,,,,,,"910","75","SOLD","",""
,,,,,,,,,,,"915","76","SOLD","",""
,,,,,,,,,,,"907","77","SOLD","",""
,,,,,,,,,,,"910","78","SOLD","",""
,,,,,,,,,,,"908","79","SOLD","",""
,,,,,,,,,,,"910","80","SOLD","",""
,,,,,,,,,,,"910","81","SOLD","",""
,,,,,,,,,,,"909","82","SOLD","",""
,,,,,,,,,,,"915","83","SOLD","",""
,,,,,,,,,,,"909","84","SOLD","",""
,,,,,,,,,,,"911","85","SOLD","",""
,,,,,,,,,,,"914","86","SOLD","",""
,,,,,,,,,,,"913","87","SOLD","",""
,,,,,,,,,,,"913","88","SOLD","",""
,,,,,,,,,,,"910","89","SOLD","",""
,,,,,,,,,,,"910","90","SOLD","",""
,,,,,,,,,,,"908","91","SOLD","",""
,,,,,,,,,,,"907","92","SOLD","",""
,,,,,,,,,,,"913","93","SOLD","",""
,,,,,,,,,,,"910","94","SOLD","",""
,,,,,,,,,,,"910","95","SOLD","",""
,,,,,,,,,,,"910","96","SOLD","",""
,,,,,,,,,,,"908","97","SOLD","",""
,,,,,,,,,,,"909","98","SOLD","",""
,,,,,,,,,,,"910","99","SOLD","",""
,,,,,,,,,,,"910","100","SOLD","",""
,,,,,,,,,,,"913","101","SOLD","",""
,,,,,,,,,,,"912","102","SOLD","",""
,,,,,,,,,,,"907","103","SOLD","",""
,,,,,,,,,,,"909","104","SOLD","",""
,,,,,,,,,,,"913","105","SOLD","",""
,,,,,,,,,,,"914","106","SOLD","",""
,,,,,,,,,,,"912","107","SOLD","",""
,,,,,,,,,,,"912","108","SOLD","",""
,,,,,,,,,,,"907","109","SOLD","",""
,,,,,,,,,,,"911","110","SOLD","",""
,,,,,,,,,,,"911","111","SOLD","",""
,,,,,,,,,,,"910","112","SOLD","",""
,,,,,,,,,,,"907","113","SOLD","",""
,,,,,,,,,,,"909","114","SOLD","",""
,,,,,,,,,,,"910","115","SOLD","",""
,,,,,,,,,,,"907","116","SOLD","",""
,,,,,,,,,,,"909","117","SOLD","",""
,,,,,,,,,,,"914","118","SOLD","",""
,,,,,,,,,,,"913","119","SOLD","",""
,,,,,,,,,,,"908","120","SOLD","",""
,,,,,,,,,,,"914","121","SOLD","",""
,,,,,,,,,,,"912","122","SOLD","",""
,,,,,,,,,,,"907","123","SOLD","",""
,,,,,,,,,,,"911","124","SOLD","",""
,,,,,,,,,,,"910","125","SOLD","",""
,,,,,,,,,,,"907","126","SOLD","",""
,,,,,,,,,,,"909","127","SOLD","",""
,,,,,,,,,,,"907","128","SOLD","",""
,,,,,,,,,,,"907","129","SOLD","",""
,,,,,,,,,,,"911","130","SOLD","",""
,,,,,,,,,,,"908","131","SOLD","",""
,,,,,,,,,,,"914","132","SOLD","",""
,,,,,,,,,,,"909","133","SOLD","",""
,,,,,,,,,,,"910","134","SOLD","",""
,,,,,,,,,,,"914","135","SOLD","",""
,,,,,,,,,,,"909","136","SOLD","",""
,,,,,,,,,,,"907","137","SOLD","",""
,,,,,,,,,,,"915","138","SOLD","",""
,,,,,,,,,,,"907","139","SOLD","",""
,,,,,,,,,,,"908","140","SOLD","",""
,,,,,,,,,,,"910","141","SOLD","",""
,,,,,,,,,,,"912","142","SOLD","",""
,,,,,,,,,,,"909","143","SOLD","",""
,,,,,,,,,,,"908","144","SOLD","",""
,,,,,,,,,,,"907","145","SOLD","",""
,,,,,,,,,,,"907","146","SOLD","",""
,,,,,,,,,,,"912","147","SOLD","",""
,,,,,,,,,,,"907","148","SOLD","",""
,,,,,,,,,,,"911","149","SOLD","",""
,,,,,,,,,,,"908","150","SOLD","",""
,,,,,,,,,,,"914","151","SOLD","",""
,,,,,,,,,,,"907","152","SOLD","",""
,,,,,,,,,,,"907","153","SOLD","",""
,,,,,,,,,,,"914","154","SOLD","",""
,,,,,,,,,,,"910","155","SOLD","",""
,,,,,,,,,,,"908","156","SOLD","",""
,,,,,,,,,,,"907","157","SOLD","",""
,,,,,,,,,,,"913","158","SOLD","",""
,,,,,,,,,,,"908","159","SOLD","",""
,,,,,,,,,,,"914","160","SOLD","",""
,,,,,,,,,,,"909","161","SOLD","",""
,,,,,,,,,,,"909","162","SOLD","",""
,,,,,,,,,,,"915","163","SOLD","",""
,,,,,,,,,,,"914","164","SOLD","",""
,,,,,,,,,,,"909","165","SOLD","",""
,,,,,,,,,,,"908","166","SOLD","",""
,,,,,,,,,,,"909","167","SOLD","",""
,,,,,,,,,,,"914","168","SOLD","",""
,,,,,,,,,,,"910","169","SOLD","",""
,,,,,,,,,,,"910","170","SOLD","",""
,,,,,,,,,,,"910","171","SOLD","",""
,,,,,,,,,,,"909","172","SOLD","",""
,,,,,,,,,,,"914","173","SOLD","",""
,,,,,,,,,,,"908","174","SOLD","",""
,,,,,,,,,,,"912","175","SOLD","",""
,,,,,,,,,,,"913","176","SOLD","",""
,,,,,,,,,,,"912","177","SOLD","",""
,,,,,,,,,,,"910","178","SOLD","",""
,,,,,,,,,,,"910","179","SOLD","",""
,,,,,,,,,,,"913","180","SOLD","",""
,,,,,,,,,,,"909","181","SOLD","",""
,,,,,,,,,,,"910","182","SOLD","",""
,,,,,,,,,,,"910","183","SOLD","",""
,,,,,,,,,,,"909","184","SOLD","",""
,,,,,,,,,,,"909","185","SOLD","",""
,,,,,,,,,,,"909","186","SOLD","",""
,,,,,,,,,,,"914","187","SOLD","",""
,,,,,,,,,,,"909","188","SOLD","",""
,,,,,,,,,,,"914","189","SOLD","",""
,,,,,,,,,,,"909","190","SOLD","",""
,,,,,,,,,,,"912","191","SOLD","",""
,,,,,,,,,,,"910","192","SOLD","",""
,,,,,,,,,,,"909","193","SOLD","",""
,,,,,,,,,,,"909","194","SOLD","",""
,,,,,,,,,,,"914","195","SOLD","",""
,,,,,,,,,,,"909","196","SOLD","",""
,,,,,,,,,,,"909","197","SOLD","",""
,,,,,,,,,,,"912","198","SOLD","",""
,,,,,,,,,,,"910","199","SOLD","",""
,,,,,,,,,,,"910","200","SOLD","",""
,,,,,,,,,,,"909","201","SOLD","",""
,,,,,,,,,,,"914","202","SOLD","",""
,,,,,,,,,,,"910","203","SOLD","",""
,,,,,,,,,,,"914","204","SOLD","",""
,,,,,,,,,,,"907","205","SOLD","",""
,,,,,,,,,,,"910","206","SOLD","",""
,,,,,,,,,,,"914","207","SOLD","",""
,,,,,,,,,,,"914","208","SOLD","",""
,,,,,,,,,,,"908","209","SOLD","",""
,,,,,,,,,,,"913","210","SOLD","",""
,,,,,,,,,,,"910","211","SOLD","",""
,,,,,,,,,,,"914","212","SOLD","",""
,,,,,,,,,,,"907","213","SOLD","",""
,,,,,,,,,,,"908","214","SOLD","",""
,,,,,,,,,,,"911","215","SOLD","",""
,,,,,,,,,,,"910","216","SOLD","",""
,,,,,,,,,,,"907","217","SOLD","",""
,,,,,,,,,,,"910","218","SOLD","",""
,,,,,,,,,,,"914","219","SOLD","",""
,,,,,,,,,,,"909","220","SOLD","",""
,,,,,,,,,,,"907","221","SOLD","",""
,,,,,,,,,,,"910","222","SOLD","",""
,,,,,,,,,,,"908","223","SOLD","",""
,,,,,,,,,,,"914","224","SOLD","",""
,,,,,,,,,,,"907","225","SOLD","",""
,,,,,,,,,,,"911","226","SOLD","",""
,,,,,,,,,,,"915","227","SOLD","",""
,,,,,,,,,,,"914","228","SOLD","",""
,,,,,,,,,,,"911","229","SOLD","",""
,,,,,,,,,,,"908","230","SOLD","",""
,,,,,,,,,,,"909","231","SOLD","",""
,,,,,,,,,,,"912","232","SOLD","",""
,,,,,,,,,,,"914","233","SOLD","",""
,,,,,,,,,,,"907","234","SOLD","",""
,,,,,,,,,,,"913","235","SOLD","",""
,,,,,,,,,,,"909","236","SOLD","",""
,,,,,,,,,,,"910","237","SOLD","",""
,,,,,,,,,,,"907","238","SOLD","",""
,,,,,,,,,,,"908","239","SOLD","",""
,,,,,,,,,,,"914","240","SOLD","",""
,,,,,,,,,,,"912","241","SOLD","",""
,,,,,,,,,,,"913","242","SOLD","",""
,,,,,,,,,,,"914","243","SOLD","",""
,,,,,,,,,,,"909","244","SOLD","",""
,,,,,,,,,,,"910","245","SOLD","",""
,,,,,,,,,,,"910","246","SOLD","",""
,,,,,,,,,,,"909","247","SOLD","",""
,,,,,,,,,,,"913","248","SOLD","",""
,,,,,,,,,,,"913","249","SOLD","",""
,,,,,,,,,,,"914","250","SOLD","",""
,,,,,,,,,,,"910","251","SOLD","",""
,,,,,,,,,,,"912","252","SOLD","",""
,,,,,,,,,,,"915","253","SOLD","",""
,,,,,,,,,,,"908","254","SOLD","",""
,,,,,,,,,,,"912","255","SOLD","",""
,,,,,,,,,,,"910","256","SOLD","",""
,,,,,,,,,,,"909","257","SOLD","",""
,,,,,,,,,,,"915","258","SOLD","",""
,,,,,,,,,,,"913","259","SOLD","",""
,,,,,,,,,,,"907","260","SOLD","",""
,,,,,,,,,,,"910","261","SOLD","",""
,,,,,,,,,,,"912","262","SOLD","",""
,,,,,,,,,,,"910","263","SOLD","",""
,,,,,,,,,,,"913","264","SOLD","",""
,,,,,,,,,,,"913","265","SOLD","",""
,,,,,,,,,,,"909","266","SOLD","",""
,,,,,,,,,,,"908","267","SOLD","",""
,,,,,,,,,,,"908","268","SOLD","",""
,,,,,,,,,,,"909","269","SOLD","",""
,,,,,,,,,,,"910","270","SOLD","",""
,,,,,,,,,,,"912","271","SOLD","",""
,,,,,,,,,,,"913","272","SOLD","",""
,,,,,,,,,,,"914","273","SOLD","",""
,,,,,,,,,,,"910","274","SOLD","",""
,,,,,,,,,,,"913","275","SOLD","",""
,,,,,,,,,,,"907","276","SOLD","",""
,,,,,,,,,,,"907","277","SOLD","",""
,,,,,,,,,,,"910","278","SOLD","",""
,,,,,,,,,,,"913","279","SOLD","",""
,,,,,,,,,,,"912","280","SOLD","",""
,,,,,,,,,,,"911","281","SOLD","",""
,,,,,,,,,,,"909","282","SOLD","",""
,,,,,,,,,,,"913","283","SOLD","",""
,,,,,,,,,,,"913","284","SOLD","",""
,,,,,,,,,,,"914","285","SOLD","",""
,,,,,,,,,,,"914","286","SOLD","",""
,,,,,,,,,,,"910","287","SOLD","",""
,,,,,,,,,,,"909","288","SOLD","",""
,,,,,,,,,,,"907","289","SOLD","",""
,,,,,,,,,,,"915","290","SOLD","",""
,,,,,,,,,,,"912","291","SOLD","",""
,,,,,,,,,,,"909","292","SOLD","",""
,,,,,,,,,,,"908","293","SOLD","",""
,,,,,,,,,,,"907","294","SOLD","",""
,,,,,,,,,,,"914","295","SOLD","",""
,,,,,,,,,,,"910","296","SOLD","",""
,,,,,,,,,,,"914","297","SOLD","",""
,,,,,,,,,,,"907","298","SOLD","",""
,,,,,,,,,,,"909","299","SOLD","",""
,,,,,,,,,,,"909","300","SOLD","",""
,,,,,,,,,,,"911","301","SOLD","",""
,,,,,,,,,,,"913","302","SOLD","",""
,,,,,,,,,,,"910","303","SOLD","",""
,,,,,,,,,,,"908","304","SOLD","",""
,,,,,,,,,,,"908","305","SOLD","",""
,,,,,,,,,,,"910","306","SOLD","",""
,,,,,,,,,,,"912","307","SOLD","",""
,,,,,,,,,,,"908","308","SOLD","",""
,,,,,,,,,,,"915","309","SOLD","",""
,,,,,,,,,,,"907","310","SOLD","",""
,,,,,,,,,,,"912","311","SOLD","",""
,,,,,,,,,,,"914","312","SOLD","",""
,,,,,,,,,,,"908","313","SOLD","",""
,,,,,,,,,,,"907","314","SOLD","",""
,,,,,,,,,,,"908","315","SOLD","",""
,,,,,,,,,,,"910","316","SOLD","",""
,,,,,,,,,,,"914","317","SOLD","",""
,,,,,,,,,,,"915","318","SOLD","",""
,,,,,,,,,,,"907","319","SOLD","",""
,,,,,,,,,,,"909","320","SOLD","",""
,,,,,,,,,,,"911","321","SOLD","",""
,,,,,,,,,,,"909","322","SOLD","",""
,,,,,,,,,,,"914","323","SOLD","",""
,,,,,,,,,,,"909","324","SOLD","",""
,,,,,,,,,,,"913","325","SOLD","",""
,,,,,,,,,,,"910","326","SOLD","",""
,,,,,,,,,,,"911","327","SOLD","",""
,,,,,,,,,,,"909","328","SOLD","",""
,,,,,,,,,,,"915","329","SOLD","",""
,,,,,,,,,,,"910","330","SOLD","",""
,,,,,,,,,,,"907","331","SOLD","",""
,,,,,,,,,,,"910","332","SOLD","",""
,,,,,,,,,,,"909","333","SOLD","",""
,,,,,,,,,,,"909","334","SOLD","",""
,,,,,,,,,,,"908","335","SOLD","",""
,,,,,,,,,,,"910","336","SOLD","",""
,,,,,,,,,,,"913","337","SOLD","",""
,,,,,,,,,,,"915","338","SOLD","",""
,,,,,,,,,,,"907","339","SOLD","",""
,,,,,,,,,,,"908","340","SOLD","",""
,,,,,,,,,,,"914","341","SOLD","",""
,,,,,,,,,,,"910","342","SOLD","",""
,,,,,,,,,,,"907","343","SOLD","",""
,,,,,,,,,,,"909","344","SOLD","",""
,,,,,,,,,,,"913","345","SOLD","",""
,,,,,,,,,,,"909","346","SOLD","",""
,,,,,,,,,,,"908","347","SOLD","",""
,,,,,,,,,,,"914","348","SOLD","",""
,,,,,,,,,,,"913","349","SOLD","",""
,,,,,,,,,,,"907","350","SOLD","",""
,,,,,,,,,,,"912","351","SOLD","",""
,,,,,,,,,,,"910","352","SOLD","",""
,,,,,,,,,,,"913","353","SOLD","",""
,,,,,,,,,,,"914","354","SOLD","",""
,,,,,,,,,,,"914","355","SOLD","",""
,,,,,,,,,,,"907","356","SOLD","",""
,,,,,,,,,,,"907","357","SOLD","",""
,,,,,,,,,,,"910","358","SOLD","",""
,,,,,,,,,,,"911","359","SOLD","",""
,,,,,,,,,,,"910","360","SOLD","",""
,,,,,,,,,,,"913","361","SOLD","",""
,,,,,,,,,,,"914","362","SOLD","",""
,,,,,,,,,,,"912","363","SOLD","",""
,,,,,,,,,,,"907","364","SOLD","",""
,,,,,,,,,,,"910","365","SOLD","",""
,,,,,,,,,,,"914","366","SOLD","",""
,,,,,,,,,,,"908","367","SOLD","",""
,,,,,,,,,,,"907","368","SOLD","",""
,,,,,,,,,,,"910","369","SOLD","",""
,,,,,,,,,,,"907","370","SOLD","",""
,,,,,,,,,,,"909","371","SOLD","",""
,,,,,,,,,,,"908","372","SOLD","",""
,,,,,,,,,,,"910","373","SOLD","",""
,,,,,,,,,,,"910","374","SOLD","",""
,,,,,,,,,,,"914","375","SOLD","",""
,,,,,,,,,,,"910","376","SOLD","",""
,,,,,,,,,,,"909","377","SOLD","",""
,,,,,,,,,,,"907","378","SOLD","",""
,,,,,,,,,,,"914","379","SOLD","",""
,,,,,,,,,,,"910","380","SOLD","",""
,,,,,,,,,,,"910","381","SOLD","",""
,,,,,,,,,,,"907","382","SOLD","",""
,,,,,,,,,,,"914","383","SOLD","",""
,,,,,,,,,,,"914","384","SOLD","",""
,,,,,,,,,,,"913","385","SOLD","",""
,,,,,,,,,,,"910","386","SOLD","",""
,,,,,,,,,,,"914","387","SOLD","",""
,,,,,,,,,,,"910","388","SOLD","",""
,,,,,,,,,,,"912","389","SOLD","",""
,,,,,,,,,,,"909","390","SOLD","",""
,,,,,,,,,,,"913","391","SOLD","",""
,,,,,,,,,,,"910","392","SOLD","",""
,,,,,,,,,,,"910","393","SOLD","",""
,,,,,,,,,,,"913","394","SOLD","",""
,,,,,,,,,,,"912","395","SOLD","",""
,,,,,,,,,,,"909","396","SOLD","",""
,,,,,,,,,,,"910","397","SOLD","",""
,,,,,,,,,,,"915","398","SOLD","",""
,,,,,,,,,,,"910","399","SOLD","",""
,,,,,,,,,,,"911","400","SOLD","",""
,,,,,,,,,,,"911","401","SOLD","",""
,,,,,,,,,,,"911","402","SOLD","",""
,,,,,,,,,,,"914","403","SOLD","",""
,,,,,,,,,,,"910","404","SOLD","",""
,,,,,,,,,,,"907","405","SOLD","",""
,,,,,,,,,,,"911","406","SOLD","",""
,,,,,,,,,,,"907","407","SOLD","",""
,,,,,,,,,,,"912","408","SOLD","",""
,,,,,,,,,,,"908","409","SOLD","",""
,,,,,,,,,,,"910","410","SOLD","",""
,,,,,,,,,,,"913","411","SOLD","",""
,,,,,,,,,,,"914","412","SOLD","",""
,,,,,,,,,,,"913","413","SOLD","",""
,,,,,,,,,,,"909","414","SOLD","",""
,,,,,,,,,,,"908","415","SOLD","",""
,,,,,,,,,,,"907","416","SOLD","",""
,,,,,,,,,,,"907","417","SOLD","",""
,,,,,,,,,,,"913","418","SOLD","",""
,,,,,,,,,,,"913","419","SOLD","",""
,,,,,,,,,,,"907","420","SOLD","",""
,,,,,,,,,,,"908","421","SOLD","",""
,,,,,,,,,,,"910","422","SOLD","",""
,,,,,,,,,,,"907","423","SOLD","",""
,,,,,,,,,,,"915","424","SOLD","",""
,,,,,,,,,,,"908","425","SOLD","",""
,,,,,,,,,,,"910","426","SOLD","",""
,,,,,,,,,,,"911","427","SOLD","",""
,,,,,,,,,,,"908","428","SOLD","",""
,,,,,,,,,,,"907","429","SOLD","",""
,,,,,,,,,,,"913","430","SOLD","",""
,,,,,,,,,,,"914","431","SOLD","",""
,,,,,,,,,,,"907","432","SOLD","",""
,,,,,,,,,,,"909","433","SOLD","",""
,,,,,,,,,,,"909","434","SOLD","",""
,,,,,,,,,,,"908","435","SOLD","",""
,,,,,,,,,,,"909","436","SOLD","",""
,,,,,,,,,,,"910","437","SOLD","",""
,,,,,,,,,,,"908","438","SOLD","",""
,,,,,,,,,,,"915","439","SOLD","",""
,,,,,,,,,,,"910","440","SOLD","",""
,,,,,,,,,,,"907","441","SOLD","",""
,,,,,,,,,,,"907","442","SOLD","",""
,,,,,,,,,,,"908","443","SOLD","",""
,,,,,,,,,,,"910","444","SOLD","",""
,,,,,,,,,,,"909","445","SOLD","",""
,,,,,,,,,,,"914","446","SOLD","",""
,,,,,,,,,,,"913","447","SOLD","",""
,,,,,,,,,,,"914","448","SOLD","",""
,,,,,,,,,,,"909","449","SOLD","",""
,,,,,,,,,,,"910","450","SOLD","",""
,,,,,,,,,,,"909","451","SOLD","",""
,,,,,,,,,,,"909","452","SOLD","",""
,,,,,,,,,,,"912","453","SOLD","",""
,,,,,,,,,,,"910","454","SOLD","",""
,,,,,,,,,,,"912","455","SOLD","",""
,,,,,,,,,,,"912","456","SOLD","",""
,,,,,,,,,,,"915","457","SOLD","",""
,,,,,,,,,,,"914","458","SOLD","",""
,,,,,,,,,,,"910","459","SOLD","",""
,,,,,,,,,,,"912","460","SOLD","",""
,,,,,,,,,,,"907","461","SOLD","",""
,,,,,,,,,,,"907","462","SOLD","",""
,,,,,,,,,,,"911","463","SOLD","",""
,,,,,,,,,,,"909","464","SOLD","",""
,,,,,,,,,,,"907","465","SOLD","",""
,,,,,,,,,,,"911","466","SOLD","",""
,,,,,,,,,,,"909","467","SOLD","",""
,,,,,,,,,,,"910","468","SOLD","",""
,,,,,,,,,,,"907","469","SOLD","",""
,,,,,,,,,,,"907","470","SOLD","",""
,,,,,,,,,,,"914","471","SOLD","",""
,,,,,,,,,,,"914","472","SOLD","",""
,,,,,,,,,,,"911","473","SOLD","",""
,,,,,,,,,,,"914","474","SOLD","",""
,,,,,,,,,,,"909","475","SOLD","",""
,,,,,,,,,,,"914","476","SOLD","",""
,,,,,,,,,,,"910","477","SOLD","",""
,,,,,,,,,,,"910","478","SOLD","",""
,,,,,,,,,,,"908","479","SOLD","",""
,,,,,,,,,,,"910","480","SOLD","",""
,,,,,,,,,,,"914","481","SOLD","",""
,,,,,,,,,,,"911","482","SOLD","",""
,,,,,,,,,,,"913","483","SOLD","",""
,,,,,,,,,,,"909","484","SOLD","",""
,,,,,,,,,,,"907","485","SOLD","",""
,,,,,,,,,,,"908","486","SOLD","",""
,,,,,,,,,,,"912","487","SOLD","",""
,,,,,,,,,,,"915","488","SOLD","",""
,,,,,,,,,,,"908","489","SOLD","",""
,,,,,,,,,,,"908","490","SOLD","",""
,,,,,,,,,,,"909","491","SOLD","",""
,,,,,,,,,,,"910","492","SOLD","",""
,,,,,,,,,,,"910","493","SOLD","",""
,,,,,,,,,,,"909","494","SOLD","",""
,,,,,,,,,,,"907","495","SOLD","",""
,,,,,,,,,,,"912","496","SOLD","",""
,,,,,,,,,,,"915","497","SOLD","",""
,,,,,,,,,,,"907","498","SOLD","",""
,,,,,,,,,,,"912","499","SOLD","",""
,,,,,,,,,,,"909","500","SOLD","",""
,,,,,,,,,,,"910","501","SOLD","",""
,,,,,,,,,,,"915","502","SOLD","",""
,,,,,,,,,,,"909","503","SOLD","",""
,,,,,,,,,,,"908","504","SOLD","",""
,,,,,,,,,,,"909","505","SOLD","",""
,,,,,,,,,,,"912","506","SOLD","",""
,,,,,,,,,,,"910","507","SOLD","",""
,,,,,,,,,,,"914","508","SOLD","",""
,,,,,,,,,,,"912","509","SOLD","",""
,,,,,,,,,,,"909","510","SOLD","",""
,,,,,,,,,,,"909","511","SOLD","",""
,,,,,,,,,,,"910","512","SOLD","",""
,,,,,,,,,,,"911","513","SOLD","",""
,,,,,,,,,,,"909","514","SOLD","",""
,,,,,,,,,,,"909","515","SOLD","",""
,,,,,,,,,,,"912","516","SOLD","",""
,,,,,,,,,,,"909","517","SOLD","",""
,,,,,,,,,,,"910","518","SOLD","",""
,,,,,,,,,,,"910","519","SOLD","",""
,,,,,,,,,,,"909","520","SOLD","",""
,,,,,,,,,,,"909","521","SOLD","",""
,,,,,,,,,,,"914","522","SOLD","",""
,,,,,,,,,,,"915","523","SOLD","",""
,,,,,,,,,,,"909","524","SOLD","",""
,,,,,,,,,,,"907","525","SOLD","",""
,,,,,,,,,,,"910","526","SOLD","",""
,,,,,,,,,,,"913","527","SOLD","",""
,,,,,,,,,,,"907","528","SOLD","",""
,,,,,,,,,,,"913","529","SOLD","",""
,,,,,,,,,,,"909","530","SOLD","",""
,,,,,,,,,,,"909","531","SOLD","",""
,,,,,,,,,,,"908","532","SOLD","",""
,,,,,,,,,,,"908","533","SOLD","",""
,,,,,,,,,,,"915","534","SOLD","",""
,,,,,,,,,,,"910","535","SOLD","",""
,,,,,,,,,,,"910","536","SOLD","",""
,,,,,,,,,,,"907","537","SOLD","",""
,,,,,,,,,,,"914","538","SOLD","",""
,,,,,,,,,,,"908","539","SOLD","",""
,,,,,,,,,,,"907","540","SOLD","",""
,,,,,,,,,,,"907","541","SOLD","",""
,,,,,,,,,,,"912","542","SOLD","",""
,,,,,,,,,,,"912","543","SOLD","",""
,,,,,,,,,,,"907","544","SOLD","",""
,,,,,,,,,,,"909","545","SOLD","",""
,,,,,,,,,,,"912","546","SOLD","",""
,,,,,,,,,,,"914","547","SOLD","",""
,,,,,,,,,,,"909","548","SOLD","",""
,,,,,,,,,,,"913","549","SOLD","",""
,,,,,,,,,,,"908","550","SOLD","",""
,,,,,,,,,,,"915","551","SOLD","",""
,,,,,,,,,,,"907","552","SOLD","",""
,,,,,,,,,,,"910","553","SOLD","",""
,,,,,,,,,,,"910","554","SOLD","",""
,,,,,,,,,,,"910","555","SOLD","",""
,,,,,,,,,,,"912","556","SOLD","",""
,,,,,,,,,,,"908","557","SOLD","",""
,,,,,,,,,,,"909","558","SOLD","",""
,,,,,,,,,,,"910","559","SOLD","",""
,,,,,,,,,,,"908","560","SOLD","",""
,,,,,,,,,,,"913","561","SOLD","",""
,,,,,,,,,,,"908","562","SOLD","",""
,,,,,,,,,,,"914","563","SOLD","",""
,,,,,,,,,,,"911","564","SOLD","",""
,,,,,,,,,,,"907","565","SOLD","",""
,,,,,,,,,,,"909","566","SOLD","",""
,,,,,,,,,,,"908","567","SOLD","",""
,,,,,,,,,,,"910","568","SOLD","",""
,,,,,,,,,,,"909","569","SOLD","",""
,,,,,,,,,,,"913","570","SOLD","",""
,,,,,,,,,,,"908","571","SOLD","",""
,,,,,,,,,,,"909","572","SOLD","",""
,,,,,,,,,,,"907","573","SOLD","",""
,,,,,,,,,,,"912","574","SOLD","",""
,,,,,,,,,,,"911","575","SOLD","",""
,,,,,,,,,,,"914","576","SOLD","",""
,,,,,,,,,,,"907","577","SOLD","",""
,,,,,,,,,,,"912","578","SOLD","",""
,,,,,,,,,,,"907","579","SOLD","",""
,,,,,,,,,,,"915","580","SOLD","",""
,,,,,,,,,,,"915","581","SOLD","",""
,,,,,,,,,,,"910","582","SOLD","",""
,,,,,,,,,,,"909","583","SOLD","",""
,,,,,,,,,,,"908","584","SOLD","",""
,,,,,,,,,,,"912","585","SOLD","",""
,,,,,,,,,,,"907","586","SOLD","",""
,,,,,,,,,,,"907","587","SOLD","",""
,,,,,,,,,,,"913","588","SOLD","",""
,,,,,,,,,,,"915","589","SOLD","",""
,,,,,,,,,,,"909","590","SOLD","",""
,,,,,,,,,,,"909","591","SOLD","",""
,,,,,,,,,,,"910","592","SOLD","",""
,,,,,,,,,,,"911","593","SOLD","",""
,,,,,,,,,,,"907","594","SOLD","",""
,,,,,,,,,,,"910","595","SOLD","",""
,,,,,,,,,,,"914","596","SOLD","",""
,,,,,,,,,,,"914","597","SOLD","",""
,,,,,,,,,,,"908","598","SOLD","",""
,,,,,,,,,,,"910","599","SOLD","",""
,,,,,,,,,,,"913","600","SOLD","",""
,,,,,,,,,,,"915","601","SOLD","",""
,,,,,,,,,,,"907","602","SOLD","",""
,,,,,,,,,,,"911","603","SOLD","",""
,,,,,,,,,,,"914","604","SOLD","",""
,,,,,,,,,,,"915","605","SOLD","",""
,,,,,,,,,,,"909","606","SOLD","",""
,,,,,,,,,,,"909","607","SOLD","",""
,,,,,,,,,,,"909","608","SOLD","",""
,,,,,,,,,,,"914","609","SOLD","",""
,,,,,,,,,,,"908","610","SOLD","",""
,,,,,,,,,,,"907","611","SOLD","",""
,,,,,,,,,,,"909","612","SOLD","",""
,,,,,,,,,,,"910","613","SOLD","",""
,,,,,,,,,,,"914","614","SOLD","",""
,,,,,,,,,,,"910","615","SOLD","",""
,,,,,,,,,,,"910","616","SOLD","",""
,,,,,,,,,,,"908","617","SOLD","",""
,,,,,,,,,,,"911","618","SOLD","",""
,,,,,,,,,,,"912","619","SOLD","",""
,,,,,,,,,,,"913","620","SOLD","",""
,,,,,,,,,,,"911","621","SOLD","",""
,,,,,,,,,,,"911","622","SOLD","",""
,,,,,,,,,,,"915","623","SOLD","",""
,,,,,,,,,,,"911","624","SOLD","",""
,,,,,,,,,,,"910","625","SOLD","",""
,,,,,,,,,,,"911","626","SOLD","",""
,,,,,,,,,,,"910","627","SOLD","",""
,,,,,,,,,,,"913","628","SOLD","",""
,,,,,,,,,,,"907","629","SOLD","",""
,,,,,,,,,,,"910","630","SOLD","",""
,,,,,,,,,,,"909","631","SOLD","",""
,,,,,,,,,,,"913","632","SOLD","",""
,,,,,,,,,,,"910","633","SOLD","",""
,,,,,,,,,,,"910","634","SOLD","",""
,,,,,,,,,,,"914","635","SOLD","",""
,,,,,,,,,,,"910","636","SOLD","",""
,,,,,,,,,,,"912","637","SOLD","",""
,,,,,,,,,,,"907","638","SOLD","",""
,,,,,,,,,,,"914","639","SOLD","",""
,,,,,,,,,,,"907","640","SOLD","",""
,,,,,,,,,,,"915","641","SOLD","",""
,,,,,,,,,,,"913","642","SOLD","",""
,,,,,,,,,,,"913","643","SOLD","",""
,,,,,,,,,,,"910","644","SOLD","",""
,,,,,,,,,,,"915","645","SOLD","",""
,,,,,,,,,,,"907","646","SOLD","",""
,,,,,,,,,,,"909","647","SOLD","",""
,,,,,,,,,,,"913","648","SOLD","",""
,,,,,,,,,,,"909","649","SOLD","",""
,,,,,,,,,,,"910","650","SOLD","",""
,,,,,,,,,,,"911","651","SOLD","",""
,,,,,,,,,,,"907","652","SOLD","",""
,,,,,,,,,,,"910","653","SOLD","",""
,,,,,,,,,,,"907","654","SOLD","",""
,,,,,,,,,,,"909","655","SOLD","",""
,,,,,,,,,,,"909","656","SOLD","",""
,,,,,,,,,,,"915","657","SOLD","",""
,,,,,,,,,,,"910","658","SOLD","",""
,,,,,,,,,,,"912","659","SOLD","",""
,,,,,,,,,,,"910","660","SOLD","",""
,,,,,,,,,,,"907","661","SOLD","",""
,,,,,,,,,,,"907","662","SOLD","",""
,,,,,,,,,,,"909","663","SOLD","",""
,,,,,,,,,,,"908","664","SOLD","",""
,,,,,,,,,,,"910","665","SOLD","",""
,,,,,,,,,,,"912","666","SOLD","",""
,,,,,,,,,,,"908","667","SOLD","",""
,,,,,,,,,,,"907","668","SOLD","",""
,,,,,,,,,,,"910","669","SOLD","",""
,,,,,,,,,,,"909","670","SOLD","",""
,,,,,,,,,,,"908","671","SOLD","",""
,,,,,,,,,,,"910","672","SOLD","",""
,,,,,,,,,,,"907","673","SOLD","",""
,,,,,,,,,,,"911","674","SOLD","",""
,,,,,,,,,,,"913","675","SOLD","",""
,,,,,,,,,,,"909","676","SOLD","",""
,,,,,,,,,,,"909","677","SOLD","",""
,,,,,,,,,,,"910","678","SOLD","",""
,,,,,,,,,,,"910","679","SOLD","",""
,,,,,,,,,,,"907","680","SOLD","",""
,,,,,,,,,,,"912","681","SOLD","",""
,,,,,,,,,,,"910","682","SOLD","",""
,,,,,,,,,,,"910","683","SOLD","",""
,,,,,,,,,,,"914","684","SOLD","",""
,,,,,,,,,,,"912","685","SOLD","",""
,,,,,,,,,,,"909","686","SOLD","",""
,,,,,,,,,,,"910","687","SOLD","",""
,,,,,,,,,,,"909","688","SOLD","",""
,,,,,,,,,,,"913","689","SOLD","",""
,,,,,,,,,,,"909","690","SOLD","",""
,,,,,,,,,,,"908","691","SOLD","",""
,,,,,,,,,,,"914","692","SOLD","",""
,,,,,,,,,,,"913","693","SOLD","",""
,,,,,,,,,,,"915","694","SOLD","",""
,,,,,,,,,,,"910","695","SOLD","",""
,,,,,,,,,,,"912","696","SOLD","",""
,,,,,,,,,,,"910","697","SOLD","",""
,,,,,,,,,,,"907","698","SOLD","",""
,,,,,,,,,,,"909","699","SOLD","",""
,,,,,,,,,,,"909","700","SOLD","",""
,,,,,,,,,,,"908","701","SOLD","",""
,,,,,,,,,,,"907","702","SOLD","",""
,,,,,,,,,,,"915","703","SOLD","",""
,,,,,,,,,,,"907","704","SOLD","",""
,,,,,,,,,,,"915","705","SOLD","",""
,,,,,,,,,,,"911","706","SOLD","",""
,,,,,,,,,,,"914","707","SOLD","",""
,,,,,,,,,,,"912","708","SOLD","",""
,,,,,,,,,,,"914","709","SOLD","",""
,,,,,,,,,,,"913","710","SOLD","",""
,,,,,,,,,,,"912","711","SOLD","",""
,,,,,,,,,,,"909","712","SOLD","",""
,,,,,,,,,,,"914","713","SOLD","",""
,,,,,,,,,,,"914","714","SOLD","",""
,,,,,,,,,,,"915","715","SOLD","",""
,,,,,,,,,,,"909","716","SOLD","",""
,,,,,,,,,,,"912","717","SOLD","",""
,,,,,,,,,,,"910","718","SOLD","",""
,,,,,,,,,,,"908","719","SOLD","",""
,,,,,,,,,,,"907","720","SOLD","",""
,,,,,,,,,,,"907","721","SOLD","",""
,,,,,,,,,,,"915","722","SOLD","",""
,,,,,,,,,,,"908","723","SOLD","",""
,,,,,,,,,,,"910","724","SOLD","",""
,,,,,,,,,,,"912","725","SOLD","",""
,,,,,,,,,,,"909","726","SOLD","",""
,,,,,,,,,,,"907","727","SOLD","",""
,,,,,,,,,,,"907","728","SOLD","",""
,,,,,,,,,,,"914","729","SOLD","",""
,,,,,,,,,,,"915","730","SOLD","",""
,,,,,,,,,,,"914","731","SOLD","",""
,,,,,,,,,,,"910","732","SOLD","",""
,,,,,,,,,,,"907","733","SOLD","",""
,,,,,,,,,,,"908","734","SOLD","",""
,,,,,,,,,,,"908","735","SOLD","",""
,,,,,,,,,,,"907","736","SOLD","",""
,,,,,,,,,,,"908","737","SOLD","",""
,,,,,,,,,,,"914","738","SOLD","",""
,,,,,,,,,,,"914","739","SOLD","",""
,,,,,,,,,,,"909","740","SOLD","",""
,,,,,,,,,,,"908","741","SOLD","",""
,,,,,,,,,,,"908","742","SOLD","",""
,,,,,,,,,,,"907","743","SOLD","",""
,,,,,,,,,,,"907","744","SOLD","",""
,,,,,,,,,,,"913","745","SOLD","",""
,,,,,,,,,,,"908","746","SOLD","",""
,,,,,,,,,,,"907","747","SOLD","",""
,,,,,,,,,,,"910","748","SOLD","",""
,,,,,,,,,,,"914","749","SOLD","",""
,,,,,,,,,,,"914","750","SOLD","",""
,,,,,,,,,,,"912","751","SOLD","",""
,,,,,,,,,,,"908","752","SOLD","",""
,,,,,,,,,,,"908","753","SOLD","",""
,,,,,,,,,,,"910","754","SOLD","",""
,,,,,,,,,,,"909","755","SOLD","",""
,,,,,,,,,,,"909","756","SOLD","",""
,,,,,,,,,,,"908","757","SOLD","",""
,,,,,,,,,,,"909","758","SOLD","",""
,,,,,,,,,,,"914","759","SOLD","",""
,,,,,,,,,,,"913","760","SOLD","",""
,,,,,,,,,,,"908","761","SOLD","",""
,,,,,,,,,,,"908","762","SOLD","",""
,,,,,,,,,,,"909","763","SOLD","",""
,,,,,,,,,,,"907","764","SOLD","",""
,,,,,,,,,,,"908","765","SOLD","",""
,,,,,,,,,,,"908","766","SOLD","",""
,,,,,,,,,,,"908","767","SOLD","",""
,,,,,,,,,,,"915","768","SOLD","",""
,,,,,,,,,,,"915","769","SOLD","",""
,,,,,,,,,,,"910","770","SOLD","",""
,,,,,,,,,,,"912","771","SOLD","",""
,,,,,,,,,,,"908","772","SOLD","",""
,,,,,,,,,,,"909","773","SOLD","",""
,,,,,,,,,,,"915","774","SOLD","",""
,,,,,,,,,,,"907","775","SOLD","",""
,,,,,,,,,,,"910","776","SOLD","",""
,,,,,,,,,,,"912","777","SOLD","",""
,,,,,,,,,,,"910","778","SOLD","",""
,,,,,,,,,,,"907","779","SOLD","",""
,,,,,,,,,,,"908","780","SOLD","",""
,,,,,,,,,,,"910","781","SOLD","",""
,,,,,,,,,,,"913","782","SOLD","",""
,,,,,,,,,,,"912","783","SOLD","",""
,,,,,,,,,,,"908","784","SOLD","",""
,,,,,,,,,,,"913","785","SOLD","",""
,,,,,,,,,,,"914","786","SOLD","",""
,,,,,,,,,,,"908","787","SOLD","",""
,,,,,,,,,,,"914","788","SOLD","",""
,,,,,,,,,,,"913","789","SOLD","",""
,,,,,,,,,,,"907","790","SOLD","",""
,,,,,,,,,,,"907","791","SOLD","",""
,,,,,,,,,,,"910","792","SOLD","",""
,,,,,,,,,,,"909","793","SOLD","",""
,,,,,,,,,,,"908","794","SOLD","",""
,,,,,,,,,,,"911","795","SOLD","",""
,,,,,,,,,,,"910","796","SOLD","",""
,,,,,,,,,,,"912","797","SOLD","",""
,,,,,,,,,,,"914","798","SOLD","",""
,,,,,,,,,,,"913","799","SOLD","",""
,,,,,,,,,,,"913","800","SOLD","",""
,,,,,,,,,,,"909","801","SOLD","",""
,,,,,,,,,,,"914","802","SOLD","",""
,,,,,,,,,,,"913","803","SOLD","",""
,,,,,,,,,,,"909","804","SOLD","",""
,,,,,,,,,,,"908","805","SOLD","",""
,,,,,,,,,,,"914","806","SOLD","",""
,,,,,,,,,,,"913","807","SOLD","",""
,,,,,,,,,,,"914","808","SOLD","",""
,,,,,,,,,,,"909","809","SOLD","",""
,,,,,,,,,,,"915","810","SOLD","",""
,,,,,,,,,,,"908","811","SOLD","",""
,,,,,,,,,,,"908","812","SOLD","",""
,,,,,,,,,,,"910","813","SOLD","",""
,,,,,,,,,,,"910","814","SOLD","",""
,,,,,,,,,,,"909","815","SOLD","",""
,,,,,,,,,,,"907","816","SOLD","",""
,,,,,,,,,,,"914","817","SOLD","",""
,,,,,,,,,,,"913","818","SOLD","",""
,,,,,,,,,,,"907","819","SOLD","",""
,,,,,,,,,,,"914","820","SOLD","",""
,,,,,,,,,,,"907","821","SOLD","",""
,,,,,,,,,,,"908","822","SOLD","",""
,,,,,,,,,,,"907","823","SOLD","",""
,,,,,,,,,,,"910","824","SOLD","",""
,,,,,,,,,,,"908","825","SOLD","",""
,,,,,,,,,,,"913","826","SOLD","",""
,,,,,,,,,,,"914","827","SOLD","",""
,,,,,,,,,,,"910","828","SOLD","",""
,,,,,,,,,,,"907","829","SOLD","",""
,,,,,,,,,,,"907","908","REPORTS_TO","",""
,,,,,,,,,,,"909","908","REPORTS_TO","",""
,,,,,,,,,,,"910","908","REPORTS_TO","",""
,,,,,,,,,,,"911","908","REPORTS_TO","",""
,,,,,,,,,,,"912","911","REPORTS_TO","",""
,,,,,,,,,,,"913","911","REPORTS_TO","",""
,,,,,,,,,,,"914","908","REPORTS_TO","",""
,,,,,,,,,,,"915","911","REPORTS_TO","",""
